{"__type":"$$EventMessageAudit","id":"392da982-747f-40f9-9942-e72359380634","ts":"2026-08-20T16:41:46.932+00:00","eventName":"n8n.audit.workflow.created","message":"n8n.audit.workflow.created","payload":{"userId":"c6ab0ce5-b390-4c09-936f-9c6b55ded8ff","_email":"elkartoutianas@gmail.com","_firstName":"Anas","_lastName":"El Kartouti","globalRole":"global:owner","workflowId":"sqPlb2PxAzDya6CT","workflowName":"My workflow"}}
{"__type":"$$EventMessageConfirm","confirm":"392da982-747f-40f9-9942-e72359380634","ts":"2026-08-20T16:41:46.932+00:00","source":{"id":"0","name":"eventBus"}}
{"__type":"$$EventMessageAudit","id":"87432f23-262e-43fb-a386-e8b1d2dbca30","ts":"2026-08-20T16:42:09.588+00:00","eventName":"n8n.audit.workflow.updated","message":"n8n.audit.workflow.updated","payload":{"userId":"c6ab0ce5-b390-4c09-936f-9c6b55ded8ff","_email":"elkartoutianas@gmail.com","_firstName":"Anas","_lastName":"El Kartouti","globalRole":"global:owner","workflowId":"sqPlb2PxAzDya6CT","workflowName":"My workflow"}}
{"__type":"$$EventMessageConfirm","confirm":"87432f23-262e-43fb-a386-e8b1d2dbca30","ts":"2026-08-20T16:42:09.588+00:00","source":{"id":"0","name":"eventBus"}}
{"__type":"$$EventMessageAudit","id":"5c70bf7a-afe9-4e5f-b00a-12ad9e66ba13","ts":"2026-08-20T16:43:55.284+00:00","eventName":"n8n.audit.workflow.updated","message":"n8n.audit.workflow.updated","payload":{"userId":"c6ab0ce5-b390-4c09-936f-9c6b55ded8ff","_email":"elkartoutianas@gmail.com","_firstName":"Anas","_lastName":"El Kartouti","globalRole":"global:owner","workflowId":"sqPlb2PxAzDya6CT","workflowName":"My workflow"}}
{"__type":"$$EventMessageConfirm","confirm":"5c70bf7a-afe9-4e5f-b00a-12ad9e66ba13","ts":"2026-08-20T16:43:55.284+00:00","source":{"id":"0","name":"eventBus"}}
{"__type":"$$EventMessageAudit","id":"7cb19c0d-ea34-4061-8c4b-fee7c667c728","ts":"2026-08-20T16:45:50.571+00:00","eventName":"n8n.audit.workflow.executed","message":"n8n.audit.workflow.executed","payload":{"workflowId":"sqPlb2PxAzDya6CT","workflowName":"My workflow","executionId":"1","projectId":"g4FSmW9VUlxDCB5l","projectName":"Anas El Kartouti <elkartoutianas@gmail.com>","source":"webhook"}}
{"__type":"$$EventMessageConfirm","confirm":"7cb19c0d-ea34-4061-8c4b-fee7c667c728","ts":"2026-08-20T16:45:50.571+00:00","source":{"id":"0","name":"eventBus"}}
{"__type":"$$EventMessageWorkflow","id":"ad64e1ca-968c-4680-bade-381fc0a1cc99","ts":"2026-08-20T16:45:50.615+00:00","eventName":"n8n.workflow.started","message":"n8n.workflow.started","payload":{"executionId":"1","workflowId":"sqPlb2PxAzDya6CT","isManual":false,"mode":"manual","workflowName":"My workflow","projectId":"g4FSmW9VUlxDCB5l","projectName":"Anas El Kartouti <elkartoutianas@gmail.com>"}}
{"__type":"$$EventMessageConfirm","confirm":"ad64e1ca-968c-4680-bade-381fc0a1cc99","ts":"2026-08-20T16:45:50.615+00:00","source":{"id":"0","name":"eventBus"}}
{"__type":"$$EventMessageNode","id":"682dafda-321a-4d2c-b364-219c7c8c05d9","ts":"2026-08-20T16:45:50.620+00:00","eventName":"n8n.node.started","message":"n8n.node.started","payload":{"workflowId":"sqPlb2PxAzDya6CT","workflowName":"My workflow","executionId":"1","nodeType":"n8n-nodes-base.webhook","nodeName":"Webhook","nodeId":"99f8ee45-6c9f-439e-bae0-08bea028e5bd"}}
{"__type":"$$EventMessageConfirm","confirm":"682dafda-321a-4d2c-b364-219c7c8c05d9","ts":"2026-08-20T16:45:50.620+00:00","source":{"id":"0","name":"eventBus"}}
{"__type":"$$EventMessageNode","id":"a74a3730-5711-407e-b815-197d2e0ad686","ts":"2026-08-20T16:45:50.621+00:00","eventName":"n8n.node.finished","message":"n8n.node.finished","payload":{"workflowId":"sqPlb2PxAzDya6CT","workflowName":"My workflow","executionId":"1","nodeType":"n8n-nodes-base.webhook","nodeName":"Webhook","nodeId":"99f8ee45-6c9f-439e-bae0-08bea028e5bd"}}
{"__type":"$$EventMessageConfirm","confirm":"a74a3730-5711-407e-b815-197d2e0ad686","ts":"2026-08-20T16:45:50.621+00:00","source":{"id":"0","name":"eventBus"}}
{"__type":"$$EventMessageWorkflow","id":"f10f5f5e-48e7-47a7-b45e-6f459eb638a0","ts":"2026-08-20T16:45:50.623+00:00","eventName":"n8n.workflow.success","message":"n8n.workflow.success","payload":{"userId":"c6ab0ce5-b390-4c09-936f-9c6b55ded8ff","executionId":"1","success":true,"isManual":true,"mode":"manual","workflowId":"sqPlb2PxAzDya6CT","workflowName":"My workflow","projectId":"g4FSmW9VUlxDCB5l","projectName":"Anas El Kartouti <elkartoutianas@gmail.com>"}}
{"__type":"$$EventMessageConfirm","confirm":"f10f5f5e-48e7-47a7-b45e-6f459eb638a0","ts":"2026-08-20T16:45:50.623+00:00","source":{"id":"0","name":"eventBus"}}
{"__type":"$$EventMessageAudit","id":"fecc4eae-d333-41b9-a371-0775466ce7c8","ts":"2026-08-20T16:48:28.945+00:00","eventName":"n8n.audit.workflow.updated","message":"n8n.audit.workflow.updated","payload":{"userId":"c6ab0ce5-b390-4c09-936f-9c6b55ded8ff","_email":"elkartoutianas@gmail.com","_firstName":"Anas","_lastName":"El Kartouti","globalRole":"global:owner","workflowId":"sqPlb2PxAzDya6CT","workflowName":"My workflow"}}
{"__type":"$$EventMessageConfirm","confirm":"fecc4eae-d333-41b9-a371-0775466ce7c8","ts":"2026-08-20T16:48:28.945+00:00","source":{"id":"0","name":"eventBus"}}
{"__type":"$$EventMessageAudit","id":"c37d3374-1991-4a17-bde4-cae95e202e61","ts":"2026-08-20T16:49:27.015+00:00","eventName":"n8n.audit.workflow.updated","message":"n8n.audit.workflow.updated","payload":{"userId":"c6ab0ce5-b390-4c09-936f-9c6b55ded8ff","_email":"elkartoutianas@gmail.com","_firstName":"Anas","_lastName":"El Kartouti","globalRole":"global:owner","workflowId":"sqPlb2PxAzDya6CT","workflowName":"My workflow"}}
{"__type":"$$EventMessageConfirm","confirm":"c37d3374-1991-4a17-bde4-cae95e202e61","ts":"2026-08-20T16:49:27.015+00:00","source":{"id":"0","name":"eventBus"}}
{"__type":"$$EventMessageAudit","id":"d880865b-59c7-4904-8d22-388ac4027ca2","ts":"2026-08-20T16:49:29.340+00:00","eventName":"n8n.audit.workflow.updated","message":"n8n.audit.workflow.updated","payload":{"userId":"c6ab0ce5-b390-4c09-936f-9c6b55ded8ff","_email":"elkartoutianas@gmail.com","_firstName":"Anas","_lastName":"El Kartouti","globalRole":"global:owner","workflowId":"sqPlb2PxAzDya6CT","workflowName":"My workflow"}}
{"__type":"$$EventMessageConfirm","confirm":"d880865b-59c7-4904-8d22-388ac4027ca2","ts":"2026-08-20T16:49:29.340+00:00","source":{"id":"0","name":"eventBus"}}
{"__type":"$$EventMessageAudit","id":"94883c74-c814-4ec3-be0a-d2dd6d23ac6e","ts":"2026-08-20T16:52:52.449+00:00","eventName":"n8n.audit.workflow.updated","message":"n8n.audit.workflow.updated","payload":{"userId":"c6ab0ce5-b390-4c09-936f-9c6b55ded8ff","_email":"elkartoutianas@gmail.com","_firstName":"Anas","_lastName":"El Kartouti","globalRole":"global:owner","workflowId":"sqPlb2PxAzDya6CT","workflowName":"My workflow"}}
{"__type":"$$EventMessageConfirm","confirm":"94883c74-c814-4ec3-be0a-d2dd6d23ac6e","ts":"2026-08-20T16:52:52.449+00:00","source":{"id":"0","name":"eventBus"}}
{"__type":"$$EventMessageAudit","id":"373abdd0-dc79-4938-a210-11b9b9c519a9","ts":"2026-08-20T16:53:26.544+00:00","eventName":"n8n.audit.workflow.updated","message":"n8n.audit.workflow.updated","payload":{"userId":"c6ab0ce5-b390-4c09-936f-9c6b55ded8ff","_email":"elkartoutianas@gmail.com","_firstName":"Anas","_lastName":"El Kartouti","globalRole":"global:owner","workflowId":"sqPlb2PxAzDya6CT","workflowName":"My workflow"}}
{"__type":"$$EventMessageConfirm","confirm":"373abdd0-dc79-4938-a210-11b9b9c519a9","ts":"2026-08-20T16:53:26.544+00:00","source":{"id":"0","name":"eventBus"}}
{"__type":"$$EventMessageAudit","id":"492eea9d-9372-40df-a8cb-ad5a526b3800","ts":"2026-08-20T16:53:46.796+00:00","eventName":"n8n.audit.workflow.updated","message":"n8n.audit.workflow.updated","payload":{"userId":"c6ab0ce5-b390-4c09-936f-9c6b55ded8ff","_email":"elkartoutianas@gmail.com","_firstName":"Anas","_lastName":"El Kartouti","globalRole":"global:owner","workflowId":"sqPlb2PxAzDya6CT","workflowName":"My workflow"}}
{"__type":"$$EventMessageConfirm","confirm":"492eea9d-9372-40df-a8cb-ad5a526b3800","ts":"2026-08-20T16:53:46.796+00:00","source":{"id":"0","name":"eventBus"}}
{"__type":"$$EventMessageAudit","id":"827fc0eb-ebd2-4fb1-8943-a7d39735a787","ts":"2026-08-20T16:53:57.640+00:00","eventName":"n8n.audit.workflow.updated","message":"n8n.audit.workflow.updated","payload":{"userId":"c6ab0ce5-b390-4c09-936f-9c6b55ded8ff","_email":"elkartoutianas@gmail.com","_firstName":"Anas","_lastName":"El Kartouti","globalRole":"global:owner","workflowId":"sqPlb2PxAzDya6CT","workflowName":"My workflow"}}
{"__type":"$$EventMessageConfirm","confirm":"827fc0eb-ebd2-4fb1-8943-a7d39735a787","ts":"2026-08-20T16:53:57.641+00:00","source":{"id":"0","name":"eventBus"}}
{"__type":"$$EventMessageAudit","id":"445dd1fc-b2ed-4e9a-bbbd-a7ec970a775a","ts":"2026-08-20T16:54:17.069+00:00","eventName":"n8n.audit.workflow.updated","message":"n8n.audit.workflow.updated","payload":{"userId":"c6ab0ce5-b390-4c09-936f-9c6b55ded8ff","_email":"elkartoutianas@gmail.com","_firstName":"Anas","_lastName":"El Kartouti","globalRole":"global:owner","workflowId":"sqPlb2PxAzDya6CT","workflowName":"My workflow"}}
{"__type":"$$EventMessageConfirm","confirm":"445dd1fc-b2ed-4e9a-bbbd-a7ec970a775a","ts":"2026-08-20T16:54:17.069+00:00","source":{"id":"0","name":"eventBus"}}
{"__type":"$$EventMessageAudit","id":"859d6590-d32a-472d-9697-2df6e6764c08","ts":"2026-08-20T16:54:24.165+00:00","eventName":"n8n.audit.workflow.updated","message":"n8n.audit.workflow.updated","payload":{"userId":"c6ab0ce5-b390-4c09-936f-9c6b55ded8ff","_email":"elkartoutianas@gmail.com","_firstName":"Anas","_lastName":"El Kartouti","globalRole":"global:owner","workflowId":"sqPlb2PxAzDya6CT","workflowName":"My workflow"}}
{"__type":"$$EventMessageConfirm","confirm":"859d6590-d32a-472d-9697-2df6e6764c08","ts":"2026-08-20T16:54:24.165+00:00","source":{"id":"0","name":"eventBus"}}
{"__type":"$$EventMessageAudit","id":"404337d2-e381-4707-a9cb-f99cdf95d7c6","ts":"2026-08-20T16:54:38.930+00:00","eventName":"n8n.audit.workflow.updated","message":"n8n.audit.workflow.updated","payload":{"userId":"c6ab0ce5-b390-4c09-936f-9c6b55ded8ff","_email":"elkartoutianas@gmail.com","_firstName":"Anas","_lastName":"El Kartouti","globalRole":"global:owner","workflowId":"sqPlb2PxAzDya6CT","workflowName":"My workflow"}}
{"__type":"$$EventMessageConfirm","confirm":"404337d2-e381-4707-a9cb-f99cdf95d7c6","ts":"2026-08-20T16:54:38.930+00:00","source":{"id":"0","name":"eventBus"}}
{"__type":"$$EventMessageAudit","id":"28b1b522-dccc-4fe5-a4bb-d4aa6d196391","ts":"2026-08-20T16:54:43.423+00:00","eventName":"n8n.audit.workflow.updated","message":"n8n.audit.workflow.updated","payload":{"userId":"c6ab0ce5-b390-4c09-936f-9c6b55ded8ff","_email":"elkartoutianas@gmail.com","_firstName":"Anas","_lastName":"El Kartouti","globalRole":"global:owner","workflowId":"sqPlb2PxAzDya6CT","workflowName":"My workflow"}}
{"__type":"$$EventMessageConfirm","confirm":"28b1b522-dccc-4fe5-a4bb-d4aa6d196391","ts":"2026-08-20T16:54:43.423+00:00","source":{"id":"0","name":"eventBus"}}
{"__type":"$$EventMessageAudit","id":"92ba7536-e5d7-430d-8457-03f7cde9b023","ts":"2026-08-20T16:54:56.982+00:00","eventName":"n8n.audit.workflow.updated","message":"n8n.audit.workflow.updated","payload":{"userId":"c6ab0ce5-b390-4c09-936f-9c6b55ded8ff","_email":"elkartoutianas@gmail.com","_firstName":"Anas","_lastName":"El Kartouti","globalRole":"global:owner","workflowId":"sqPlb2PxAzDya6CT","workflowName":"My workflow"}}
{"__type":"$$EventMessageConfirm","confirm":"92ba7536-e5d7-430d-8457-03f7cde9b023","ts":"2026-08-20T16:54:56.982+00:00","source":{"id":"0","name":"eventBus"}}
{"__type":"$$EventMessageAudit","id":"12b1f00a-3c2f-45ba-926a-30ff76ed13bc","ts":"2026-08-20T16:55:22.020+00:00","eventName":"n8n.audit.workflow.updated","message":"n8n.audit.workflow.updated","payload":{"userId":"c6ab0ce5-b390-4c09-936f-9c6b55ded8ff","_email":"elkartoutianas@gmail.com","_firstName":"Anas","_lastName":"El Kartouti","globalRole":"global:owner","workflowId":"sqPlb2PxAzDya6CT","workflowName":"My workflow"}}
{"__type":"$$EventMessageConfirm","confirm":"12b1f00a-3c2f-45ba-926a-30ff76ed13bc","ts":"2026-08-20T16:55:22.020+00:00","source":{"id":"0","name":"eventBus"}}
{"__type":"$$EventMessageAudit","id":"5ac96c2c-a912-41b0-96a5-ed6ffc1ce466","ts":"2026-08-20T16:55:41.070+00:00","eventName":"n8n.audit.workflow.updated","message":"n8n.audit.workflow.updated","payload":{"userId":"c6ab0ce5-b390-4c09-936f-9c6b55ded8ff","_email":"elkartoutianas@gmail.com","_firstName":"Anas","_lastName":"El Kartouti","globalRole":"global:owner","workflowId":"sqPlb2PxAzDya6CT","workflowName":"My workflow"}}
{"__type":"$$EventMessageConfirm","confirm":"5ac96c2c-a912-41b0-96a5-ed6ffc1ce466","ts":"2026-08-20T16:55:41.070+00:00","source":{"id":"0","name":"eventBus"}}
{"__type":"$$EventMessageAudit","id":"f4506c73-c65d-495a-8961-cee46c5f3107","ts":"2026-08-20T16:56:04.112+00:00","eventName":"n8n.audit.workflow.updated","message":"n8n.audit.workflow.updated","payload":{"userId":"c6ab0ce5-b390-4c09-936f-9c6b55ded8ff","_email":"elkartoutianas@gmail.com","_firstName":"Anas","_lastName":"El Kartouti","globalRole":"global:owner","workflowId":"sqPlb2PxAzDya6CT","workflowName":"My workflow"}}
{"__type":"$$EventMessageConfirm","confirm":"f4506c73-c65d-495a-8961-cee46c5f3107","ts":"2026-08-20T16:56:04.112+00:00","source":{"id":"0","name":"eventBus"}}
{"__type":"$$EventMessageAudit","id":"d2d98792-a8ed-48c8-a267-5319054cc17e","ts":"2026-08-20T16:56:27.174+00:00","eventName":"n8n.audit.workflow.updated","message":"n8n.audit.workflow.updated","payload":{"userId":"c6ab0ce5-b390-4c09-936f-9c6b55ded8ff","_email":"elkartoutianas@gmail.com","_firstName":"Anas","_lastName":"El Kartouti","globalRole":"global:owner","workflowId":"sqPlb2PxAzDya6CT","workflowName":"My workflow"}}
{"__type":"$$EventMessageConfirm","confirm":"d2d98792-a8ed-48c8-a267-5319054cc17e","ts":"2026-08-20T16:56:27.174+00:00","source":{"id":"0","name":"eventBus"}}
{"__type":"$$EventMessageAudit","id":"530d9d98-b55c-4d9a-b6f4-1090db57fcc9","ts":"2026-08-20T16:56:59.055+00:00","eventName":"n8n.audit.workflow.executed","message":"n8n.audit.workflow.executed","payload":{"userId":"c6ab0ce5-b390-4c09-936f-9c6b55ded8ff","_email":"elkartoutianas@gmail.com","_firstName":"Anas","_lastName":"El Kartouti","globalRole":"global:owner","workflowId":"sqPlb2PxAzDya6CT","workflowName":"My workflow","executionId":"2","projectId":"g4FSmW9VUlxDCB5l","projectName":"Anas El Kartouti <elkartoutianas@gmail.com>","source":"user-manual"}}
{"__type":"$$EventMessageConfirm","confirm":"530d9d98-b55c-4d9a-b6f4-1090db57fcc9","ts":"2026-08-20T16:56:59.055+00:00","source":{"id":"0","name":"eventBus"}}
{"__type":"$$EventMessageWorkflow","id":"181ef0c0-1f0b-4ca8-acc6-ab74bf3e989b","ts":"2026-08-20T16:56:59.056+00:00","eventName":"n8n.workflow.started","message":"n8n.workflow.started","payload":{"executionId":"2","workflowId":"sqPlb2PxAzDya6CT","isManual":false,"mode":"manual","workflowName":"My workflow","projectId":"g4FSmW9VUlxDCB5l","projectName":"Anas El Kartouti <elkartoutianas@gmail.com>"}}
{"__type":"$$EventMessageConfirm","confirm":"181ef0c0-1f0b-4ca8-acc6-ab74bf3e989b","ts":"2026-08-20T16:56:59.056+00:00","source":{"id":"0","name":"eventBus"}}
{"__type":"$$EventMessageNode","id":"df2701cc-f260-42a5-b6fe-a50f54dea364","ts":"2026-08-20T16:56:59.064+00:00","eventName":"n8n.node.started","message":"n8n.node.started","payload":{"workflowId":"sqPlb2PxAzDya6CT","workflowName":"My workflow","executionId":"2","nodeType":"n8n-nodes-base.httpRequest","nodeName":"Check AbuseIPDB","nodeId":"57f01d8e-4e62-428d-a95e-ef56a887142f"}}
{"__type":"$$EventMessageConfirm","confirm":"df2701cc-f260-42a5-b6fe-a50f54dea364","ts":"2026-08-20T16:56:59.064+00:00","source":{"id":"0","name":"eventBus"}}
{"__type":"$$EventMessageNode","id":"79059127-770c-43e4-9d31-18912a6aa96e","ts":"2026-08-20T17:56:59.702+01:00","eventName":"n8n.node.finished","message":"n8n.node.finished","payload":{"workflowId":"sqPlb2PxAzDya6CT","workflowName":"My workflow","executionId":"2","nodeType":"n8n-nodes-base.httpRequest","nodeName":"Check AbuseIPDB","nodeId":"57f01d8e-4e62-428d-a95e-ef56a887142f"}}
{"__type":"$$EventMessageConfirm","confirm":"79059127-770c-43e4-9d31-18912a6aa96e","ts":"2026-08-20T17:56:59.703+01:00","source":{"id":"0","name":"eventBus"}}
{"__type":"$$EventMessageWorkflow","id":"06c4330c-018a-4cf7-97fa-87b7c715ff47","ts":"2026-08-20T17:56:59.704+01:00","eventName":"n8n.workflow.failed","message":"n8n.workflow.failed","payload":{"userId":"c6ab0ce5-b390-4c09-936f-9c6b55ded8ff","executionId":"2","success":false,"isManual":true,"mode":"manual","workflowId":"sqPlb2PxAzDya6CT","workflowName":"My workflow","projectId":"g4FSmW9VUlxDCB5l","projectName":"Anas El Kartouti <elkartoutianas@gmail.com>","lastNodeExecuted":"Check AbuseIPDB","errorNodeType":"n8n-nodes-base.httpRequest","errorMessage":"Your request is invalid or could not be processed by the service"}}
{"__type":"$$EventMessageConfirm","confirm":"06c4330c-018a-4cf7-97fa-87b7c715ff47","ts":"2026-08-20T17:56:59.704+01:00","source":{"id":"0","name":"eventBus"}}
{"__type":"$$EventMessageAudit","id":"facbe44d-306e-4edb-91d9-8e4f33f3e625","ts":"2026-08-20T17:58:53.014+01:00","eventName":"n8n.audit.workflow.updated","message":"n8n.audit.workflow.updated","payload":{"userId":"c6ab0ce5-b390-4c09-936f-9c6b55ded8ff","_email":"elkartoutianas@gmail.com","_firstName":"Anas","_lastName":"El Kartouti","globalRole":"global:owner","workflowId":"sqPlb2PxAzDya6CT","workflowName":"My workflow"}}
{"__type":"$$EventMessageConfirm","confirm":"facbe44d-306e-4edb-91d9-8e4f33f3e625","ts":"2026-08-20T17:58:53.014+01:00","source":{"id":"0","name":"eventBus"}}
{"__type":"$$EventMessageAudit","id":"7d68f859-1eb9-49c1-bbb9-f1d890934ad4","ts":"2026-08-20T17:59:13.438+01:00","eventName":"n8n.audit.workflow.updated","message":"n8n.audit.workflow.updated","payload":{"userId":"c6ab0ce5-b390-4c09-936f-9c6b55ded8ff","_email":"elkartoutianas@gmail.com","_firstName":"Anas","_lastName":"El Kartouti","globalRole":"global:owner","workflowId":"sqPlb2PxAzDya6CT","workflowName":"My workflow"}}
{"__type":"$$EventMessageConfirm","confirm":"7d68f859-1eb9-49c1-bbb9-f1d890934ad4","ts":"2026-08-20T17:59:13.438+01:00","source":{"id":"0","name":"eventBus"}}
{"__type":"$$EventMessageAudit","id":"7682128d-32d6-422e-b8c1-53951d4b3c3e","ts":"2026-08-20T17:59:37.535+01:00","eventName":"n8n.audit.workflow.executed","message":"n8n.audit.workflow.executed","payload":{"userId":"c6ab0ce5-b390-4c09-936f-9c6b55ded8ff","_email":"elkartoutianas@gmail.com","_firstName":"Anas","_lastName":"El Kartouti","globalRole":"global:owner","workflowId":"sqPlb2PxAzDya6CT","workflowName":"My workflow","executionId":"3","projectId":"g4FSmW9VUlxDCB5l","projectName":"Anas El Kartouti <elkartoutianas@gmail.com>","source":"user-manual"}}
{"__type":"$$EventMessageConfirm","confirm":"7682128d-32d6-422e-b8c1-53951d4b3c3e","ts":"2026-08-20T17:59:37.536+01:00","source":{"id":"0","name":"eventBus"}}
{"__type":"$$EventMessageWorkflow","id":"8263e0cb-5618-4e7d-8d04-730126ce6bf6","ts":"2026-08-20T17:59:37.536+01:00","eventName":"n8n.workflow.started","message":"n8n.workflow.started","payload":{"executionId":"3","workflowId":"sqPlb2PxAzDya6CT","isManual":false,"mode":"manual","workflowName":"My workflow","projectId":"g4FSmW9VUlxDCB5l","projectName":"Anas El Kartouti <elkartoutianas@gmail.com>"}}
{"__type":"$$EventMessageConfirm","confirm":"8263e0cb-5618-4e7d-8d04-730126ce6bf6","ts":"2026-08-20T17:59:37.536+01:00","source":{"id":"0","name":"eventBus"}}
{"__type":"$$EventMessageNode","id":"e570fffe-0fbb-4b67-94a3-eaf53ce6f61d","ts":"2026-08-20T17:59:37.543+01:00","eventName":"n8n.node.started","message":"n8n.node.started","payload":{"workflowId":"sqPlb2PxAzDya6CT","workflowName":"My workflow","executionId":"3","nodeType":"n8n-nodes-base.httpRequest","nodeName":"Check AbuseIPDB","nodeId":"57f01d8e-4e62-428d-a95e-ef56a887142f"}}
{"__type":"$$EventMessageConfirm","confirm":"e570fffe-0fbb-4b67-94a3-eaf53ce6f61d","ts":"2026-08-20T17:59:37.543+01:00","source":{"id":"0","name":"eventBus"}}
{"__type":"$$EventMessageNode","id":"74e63d25-268e-4a44-9105-66afae951607","ts":"2026-08-20T17:59:37.964+01:00","eventName":"n8n.node.finished","message":"n8n.node.finished","payload":{"workflowId":"sqPlb2PxAzDya6CT","workflowName":"My workflow","executionId":"3","nodeType":"n8n-nodes-base.httpRequest","nodeName":"Check AbuseIPDB","nodeId":"57f01d8e-4e62-428d-a95e-ef56a887142f"}}
{"__type":"$$EventMessageConfirm","confirm":"74e63d25-268e-4a44-9105-66afae951607","ts":"2026-08-20T17:59:37.965+01:00","source":{"id":"0","name":"eventBus"}}
{"__type":"$$EventMessageWorkflow","id":"dc1f8491-f716-4a9d-9b24-119b2269052d","ts":"2026-08-20T17:59:37.967+01:00","eventName":"n8n.workflow.success","message":"n8n.workflow.success","payload":{"userId":"c6ab0ce5-b390-4c09-936f-9c6b55ded8ff","executionId":"3","success":true,"isManual":true,"mode":"manual","workflowId":"sqPlb2PxAzDya6CT","workflowName":"My workflow","projectId":"g4FSmW9VUlxDCB5l","projectName":"Anas El Kartouti <elkartoutianas@gmail.com>"}}
{"__type":"$$EventMessageConfirm","confirm":"dc1f8491-f716-4a9d-9b24-119b2269052d","ts":"2026-08-20T17:59:37.967+01:00","source":{"id":"0","name":"eventBus"}}
{"__type":"$$EventMessageAudit","id":"c766c6bc-e1b6-4310-8746-b3c7068fc998","ts":"2026-08-20T18:03:05.801+01:00","eventName":"n8n.audit.workflow.updated","message":"n8n.audit.workflow.updated","payload":{"userId":"c6ab0ce5-b390-4c09-936f-9c6b55ded8ff","_email":"elkartoutianas@gmail.com","_firstName":"Anas","_lastName":"El Kartouti","globalRole":"global:owner","workflowId":"sqPlb2PxAzDya6CT","workflowName":"My workflow"}}
{"__type":"$$EventMessageConfirm","confirm":"c766c6bc-e1b6-4310-8746-b3c7068fc998","ts":"2026-08-20T18:03:05.801+01:00","source":{"id":"0","name":"eventBus"}}
{"__type":"$$EventMessageAudit","id":"80c55f47-dc4d-4aaa-965c-8ca085f22552","ts":"2026-08-20T18:03:28.565+01:00","eventName":"n8n.audit.workflow.updated","message":"n8n.audit.workflow.updated","payload":{"userId":"c6ab0ce5-b390-4c09-936f-9c6b55ded8ff","_email":"elkartoutianas@gmail.com","_firstName":"Anas","_lastName":"El Kartouti","globalRole":"global:owner","workflowId":"sqPlb2PxAzDya6CT","workflowName":"My workflow"}}
{"__type":"$$EventMessageConfirm","confirm":"80c55f47-dc4d-4aaa-965c-8ca085f22552","ts":"2026-08-20T18:03:28.565+01:00","source":{"id":"0","name":"eventBus"}}
{"__type":"$$EventMessageAudit","id":"fce3edff-5cb9-4afa-a6d1-c042767803db","ts":"2026-08-20T18:04:04.126+01:00","eventName":"n8n.audit.workflow.updated","message":"n8n.audit.workflow.updated","payload":{"userId":"c6ab0ce5-b390-4c09-936f-9c6b55ded8ff","_email":"elkartoutianas@gmail.com","_firstName":"Anas","_lastName":"El Kartouti","globalRole":"global:owner","workflowId":"sqPlb2PxAzDya6CT","workflowName":"My workflow"}}
{"__type":"$$EventMessageConfirm","confirm":"fce3edff-5cb9-4afa-a6d1-c042767803db","ts":"2026-08-20T18:04:04.126+01:00","source":{"id":"0","name":"eventBus"}}
{"__type":"$$EventMessageAudit","id":"5697facb-2edc-480d-a9aa-aab426cfcc8c","ts":"2026-08-20T18:04:06.186+01:00","eventName":"n8n.audit.workflow.updated","message":"n8n.audit.workflow.updated","payload":{"userId":"c6ab0ce5-b390-4c09-936f-9c6b55ded8ff","_email":"elkartoutianas@gmail.com","_firstName":"Anas","_lastName":"El Kartouti","globalRole":"global:owner","workflowId":"sqPlb2PxAzDya6CT","workflowName":"My workflow"}}
{"__type":"$$EventMessageConfirm","confirm":"5697facb-2edc-480d-a9aa-aab426cfcc8c","ts":"2026-08-20T18:04:06.186+01:00","source":{"id":"0","name":"eventBus"}}
{"__type":"$$EventMessageAudit","id":"7158c7f3-5486-4a8b-9692-aa7a12f7ac5d","ts":"2026-08-20T18:04:36.262+01:00","eventName":"n8n.audit.workflow.updated","message":"n8n.audit.workflow.updated","payload":{"userId":"c6ab0ce5-b390-4c09-936f-9c6b55ded8ff","_email":"elkartoutianas@gmail.com","_firstName":"Anas","_lastName":"El Kartouti","globalRole":"global:owner","workflowId":"sqPlb2PxAzDya6CT","workflowName":"My workflow"}}
{"__type":"$$EventMessageConfirm","confirm":"7158c7f3-5486-4a8b-9692-aa7a12f7ac5d","ts":"2026-08-20T18:04:36.262+01:00","source":{"id":"0","name":"eventBus"}}
{"__type":"$$EventMessageAudit","id":"40002f84-7b5c-4ee3-87c2-dbd9a6e6275b","ts":"2026-08-20T18:04:52.710+01:00","eventName":"n8n.audit.workflow.updated","message":"n8n.audit.workflow.updated","payload":{"userId":"c6ab0ce5-b390-4c09-936f-9c6b55ded8ff","_email":"elkartoutianas@gmail.com","_firstName":"Anas","_lastName":"El Kartouti","globalRole":"global:owner","workflowId":"sqPlb2PxAzDya6CT","workflowName":"My workflow"}}
{"__type":"$$EventMessageConfirm","confirm":"40002f84-7b5c-4ee3-87c2-dbd9a6e6275b","ts":"2026-08-20T18:04:52.710+01:00","source":{"id":"0","name":"eventBus"}}
{"__type":"$$EventMessageAudit","id":"e6ad0e42-91ac-4e5c-9430-ca76284fac13","ts":"2026-08-20T18:04:55.760+01:00","eventName":"n8n.audit.workflow.executed","message":"n8n.audit.workflow.executed","payload":{"userId":"c6ab0ce5-b390-4c09-936f-9c6b55ded8ff","_email":"elkartoutianas@gmail.com","_firstName":"Anas","_lastName":"El Kartouti","globalRole":"global:owner","workflowId":"sqPlb2PxAzDya6CT","workflowName":"My workflow","executionId":"4","projectId":"g4FSmW9VUlxDCB5l","projectName":"Anas El Kartouti <elkartoutianas@gmail.com>","source":"user-manual"}}
{"__type":"$$EventMessageConfirm","confirm":"e6ad0e42-91ac-4e5c-9430-ca76284fac13","ts":"2026-08-20T18:04:55.760+01:00","source":{"id":"0","name":"eventBus"}}
{"__type":"$$EventMessageWorkflow","id":"54ebc44a-3152-4a00-bf95-711946e67450","ts":"2026-08-20T18:04:55.761+01:00","eventName":"n8n.workflow.started","message":"n8n.workflow.started","payload":{"executionId":"4","workflowId":"sqPlb2PxAzDya6CT","isManual":false,"mode":"manual","workflowName":"My workflow","projectId":"g4FSmW9VUlxDCB5l","projectName":"Anas El Kartouti <elkartoutianas@gmail.com>"}}
{"__type":"$$EventMessageConfirm","confirm":"54ebc44a-3152-4a00-bf95-711946e67450","ts":"2026-08-20T18:04:55.761+01:00","source":{"id":"0","name":"eventBus"}}
{"__type":"$$EventMessageNode","id":"d4c9c546-f118-4a3b-8ed5-374737997164","ts":"2026-08-20T18:04:55.772+01:00","eventName":"n8n.node.started","message":"n8n.node.started","payload":{"workflowId":"sqPlb2PxAzDya6CT","workflowName":"My workflow","executionId":"4","nodeType":"n8n-nodes-base.httpRequest","nodeName":"Check VirusTotal","nodeId":"58188984-a686-4b11-998b-6bf9e5b907d7"}}
{"__type":"$$EventMessageConfirm","confirm":"d4c9c546-f118-4a3b-8ed5-374737997164","ts":"2026-08-20T18:04:55.772+01:00","source":{"id":"0","name":"eventBus"}}
{"__type":"$$EventMessageNode","id":"ef72aed1-bebd-4607-8259-98f0de154a34","ts":"2026-08-20T18:04:56.521+01:00","eventName":"n8n.node.finished","message":"n8n.node.finished","payload":{"workflowId":"sqPlb2PxAzDya6CT","workflowName":"My workflow","executionId":"4","nodeType":"n8n-nodes-base.httpRequest","nodeName":"Check VirusTotal","nodeId":"58188984-a686-4b11-998b-6bf9e5b907d7"}}
{"__type":"$$EventMessageConfirm","confirm":"ef72aed1-bebd-4607-8259-98f0de154a34","ts":"2026-08-20T18:04:56.522+01:00","source":{"id":"0","name":"eventBus"}}
{"__type":"$$EventMessageWorkflow","id":"c54e2699-87ac-4f99-994b-305f3e4d82a6","ts":"2026-08-20T18:04:56.525+01:00","eventName":"n8n.workflow.success","message":"n8n.workflow.success","payload":{"userId":"c6ab0ce5-b390-4c09-936f-9c6b55ded8ff","executionId":"4","success":true,"isManual":true,"mode":"manual","workflowId":"sqPlb2PxAzDya6CT","workflowName":"My workflow","projectId":"g4FSmW9VUlxDCB5l","projectName":"Anas El Kartouti <elkartoutianas@gmail.com>"}}
{"__type":"$$EventMessageConfirm","confirm":"c54e2699-87ac-4f99-994b-305f3e4d82a6","ts":"2026-08-20T18:04:56.525+01:00","source":{"id":"0","name":"eventBus"}}
{"__type":"$$EventMessageAudit","id":"e095c6ad-2e9c-4f7a-b550-1e84d437d9aa","ts":"2026-08-20T18:05:23.583+01:00","eventName":"n8n.audit.workflow.updated","message":"n8n.audit.workflow.updated","payload":{"userId":"c6ab0ce5-b390-4c09-936f-9c6b55ded8ff","_email":"elkartoutianas@gmail.com","_firstName":"Anas","_lastName":"El Kartouti","globalRole":"global:owner","workflowId":"sqPlb2PxAzDya6CT","workflowName":"My workflow"}}
{"__type":"$$EventMessageConfirm","confirm":"e095c6ad-2e9c-4f7a-b550-1e84d437d9aa","ts":"2026-08-20T18:05:23.584+01:00","source":{"id":"0","name":"eventBus"}}
{"__type":"$$EventMessageAudit","id":"5222074e-f104-4a95-bf16-88519fc6f0f3","ts":"2026-08-20T18:05:47.301+01:00","eventName":"n8n.audit.workflow.executed","message":"n8n.audit.workflow.executed","payload":{"userId":"c6ab0ce5-b390-4c09-936f-9c6b55ded8ff","_email":"elkartoutianas@gmail.com","_firstName":"Anas","_lastName":"El Kartouti","globalRole":"global:owner","workflowId":"sqPlb2PxAzDya6CT","workflowName":"My workflow","executionId":"5","projectId":"g4FSmW9VUlxDCB5l","projectName":"Anas El Kartouti <elkartoutianas@gmail.com>","source":"user-manual"}}
{"__type":"$$EventMessageConfirm","confirm":"5222074e-f104-4a95-bf16-88519fc6f0f3","ts":"2026-08-20T18:05:47.301+01:00","source":{"id":"0","name":"eventBus"}}
{"__type":"$$EventMessageWorkflow","id":"bf05d547-9772-4109-947c-f12c32a0fa7c","ts":"2026-08-20T18:05:47.303+01:00","eventName":"n8n.workflow.started","message":"n8n.workflow.started","payload":{"executionId":"5","workflowId":"sqPlb2PxAzDya6CT","isManual":false,"mode":"manual","workflowName":"My workflow","projectId":"g4FSmW9VUlxDCB5l","projectName":"Anas El Kartouti <elkartoutianas@gmail.com>"}}
{"__type":"$$EventMessageConfirm","confirm":"bf05d547-9772-4109-947c-f12c32a0fa7c","ts":"2026-08-20T18:05:47.303+01:00","source":{"id":"0","name":"eventBus"}}
{"__type":"$$EventMessageNode","id":"b24096e5-fae4-4d35-86da-84ddb6fcefdb","ts":"2026-08-20T18:05:47.335+01:00","eventName":"n8n.node.started","message":"n8n.node.started","payload":{"workflowId":"sqPlb2PxAzDya6CT","workflowName":"My workflow","executionId":"5","nodeType":"n8n-nodes-base.httpRequest","nodeName":"Check AbuseIPDB","nodeId":"57f01d8e-4e62-428d-a95e-ef56a887142f"}}
{"__type":"$$EventMessageConfirm","confirm":"b24096e5-fae4-4d35-86da-84ddb6fcefdb","ts":"2026-08-20T18:05:47.335+01:00","source":{"id":"0","name":"eventBus"}}
{"__type":"$$EventMessageNode","id":"67430ece-8b0a-4370-be8e-9ba5b1d6218a","ts":"2026-08-20T18:05:47.878+01:00","eventName":"n8n.node.finished","message":"n8n.node.finished","payload":{"workflowId":"sqPlb2PxAzDya6CT","workflowName":"My workflow","executionId":"5","nodeType":"n8n-nodes-base.httpRequest","nodeName":"Check AbuseIPDB","nodeId":"57f01d8e-4e62-428d-a95e-ef56a887142f"}}
{"__type":"$$EventMessageConfirm","confirm":"67430ece-8b0a-4370-be8e-9ba5b1d6218a","ts":"2026-08-20T18:05:47.878+01:00","source":{"id":"0","name":"eventBus"}}
{"__type":"$$EventMessageWorkflow","id":"b6b0d164-6798-43a2-8995-e7037dd6bd98","ts":"2026-08-20T18:05:47.882+01:00","eventName":"n8n.workflow.failed","message":"n8n.workflow.failed","payload":{"userId":"c6ab0ce5-b390-4c09-936f-9c6b55ded8ff","executionId":"5","success":false,"isManual":true,"mode":"manual","workflowId":"sqPlb2PxAzDya6CT","workflowName":"My workflow","projectId":"g4FSmW9VUlxDCB5l","projectName":"Anas El Kartouti <elkartoutianas@gmail.com>","lastNodeExecuted":"Check AbuseIPDB","errorNodeType":"n8n-nodes-base.httpRequest","errorMessage":"Your request is invalid or could not be processed by the service"}}
{"__type":"$$EventMessageConfirm","confirm":"b6b0d164-6798-43a2-8995-e7037dd6bd98","ts":"2026-08-20T18:05:47.882+01:00","source":{"id":"0","name":"eventBus"}}
{"__type":"$$EventMessageAudit","id":"4a97a42a-ff04-404e-b207-e84ea8de15de","ts":"2026-08-20T18:08:57.343+01:00","eventName":"n8n.audit.workflow.updated","message":"n8n.audit.workflow.updated","payload":{"userId":"c6ab0ce5-b390-4c09-936f-9c6b55ded8ff","_email":"elkartoutianas@gmail.com","_firstName":"Anas","_lastName":"El Kartouti","globalRole":"global:owner","workflowId":"sqPlb2PxAzDya6CT","workflowName":"My workflow"}}
{"__type":"$$EventMessageConfirm","confirm":"4a97a42a-ff04-404e-b207-e84ea8de15de","ts":"2026-08-20T18:08:57.343+01:00","source":{"id":"0","name":"eventBus"}}
{"__type":"$$EventMessageAudit","id":"33a45cb4-a595-4b5e-8997-ca6604f9ca5c","ts":"2026-08-20T18:09:10.826+01:00","eventName":"n8n.audit.workflow.updated","message":"n8n.audit.workflow.updated","payload":{"userId":"c6ab0ce5-b390-4c09-936f-9c6b55ded8ff","_email":"elkartoutianas@gmail.com","_firstName":"Anas","_lastName":"El Kartouti","globalRole":"global:owner","workflowId":"sqPlb2PxAzDya6CT","workflowName":"My workflow"}}
{"__type":"$$EventMessageConfirm","confirm":"33a45cb4-a595-4b5e-8997-ca6604f9ca5c","ts":"2026-08-20T18:09:10.826+01:00","source":{"id":"0","name":"eventBus"}}
{"__type":"$$EventMessageAudit","id":"21a2eae2-2f7a-4a67-8fa0-8e14edd722d0","ts":"2026-08-20T18:13:40.945+01:00","eventName":"n8n.audit.workflow.updated","message":"n8n.audit.workflow.updated","payload":{"userId":"c6ab0ce5-b390-4c09-936f-9c6b55ded8ff","_email":"elkartoutianas@gmail.com","_firstName":"Anas","_lastName":"El Kartouti","globalRole":"global:owner","workflowId":"sqPlb2PxAzDya6CT","workflowName":"My workflow"}}
{"__type":"$$EventMessageConfirm","confirm":"21a2eae2-2f7a-4a67-8fa0-8e14edd722d0","ts":"2026-08-20T18:13:40.945+01:00","source":{"id":"0","name":"eventBus"}}
{"__type":"$$EventMessageAudit","id":"a58d289f-91b3-4db2-ba1c-7ecd2a6751ab","ts":"2026-08-20T18:14:26.865+01:00","eventName":"n8n.audit.workflow.updated","message":"n8n.audit.workflow.updated","payload":{"userId":"c6ab0ce5-b390-4c09-936f-9c6b55ded8ff","_email":"elkartoutianas@gmail.com","_firstName":"Anas","_lastName":"El Kartouti","globalRole":"global:owner","workflowId":"sqPlb2PxAzDya6CT","workflowName":"My workflow"}}
{"__type":"$$EventMessageConfirm","confirm":"a58d289f-91b3-4db2-ba1c-7ecd2a6751ab","ts":"2026-08-20T18:14:26.865+01:00","source":{"id":"0","name":"eventBus"}}
{"__type":"$$EventMessageAudit","id":"0da3aa27-fdcf-462a-b068-41493c6c3930","ts":"2026-08-20T18:15:08.207+01:00","eventName":"n8n.audit.workflow.executed","message":"n8n.audit.workflow.executed","payload":{"workflowId":"sqPlb2PxAzDya6CT","workflowName":"My workflow","executionId":"6","projectId":"g4FSmW9VUlxDCB5l","projectName":"Anas El Kartouti <elkartoutianas@gmail.com>","source":"webhook"}}
{"__type":"$$EventMessageConfirm","confirm":"0da3aa27-fdcf-462a-b068-41493c6c3930","ts":"2026-08-20T18:15:08.207+01:00","source":{"id":"0","name":"eventBus"}}
{"__type":"$$EventMessageWorkflow","id":"02678933-d699-42da-bcbe-bf71ca879802","ts":"2026-08-20T18:15:08.244+01:00","eventName":"n8n.workflow.started","message":"n8n.workflow.started","payload":{"executionId":"6","workflowId":"sqPlb2PxAzDya6CT","isManual":false,"mode":"manual","workflowName":"My workflow","projectId":"g4FSmW9VUlxDCB5l","projectName":"Anas El Kartouti <elkartoutianas@gmail.com>"}}
{"__type":"$$EventMessageConfirm","confirm":"02678933-d699-42da-bcbe-bf71ca879802","ts":"2026-08-20T18:15:08.245+01:00","source":{"id":"0","name":"eventBus"}}
{"__type":"$$EventMessageNode","id":"f56bf44e-fab9-4e6d-9f62-ed2178b33d31","ts":"2026-08-20T18:15:08.250+01:00","eventName":"n8n.node.started","message":"n8n.node.started","payload":{"workflowId":"sqPlb2PxAzDya6CT","workflowName":"My workflow","executionId":"6","nodeType":"n8n-nodes-base.webhook","nodeName":"Webhook","nodeId":"99f8ee45-6c9f-439e-bae0-08bea028e5bd"}}
{"__type":"$$EventMessageConfirm","confirm":"f56bf44e-fab9-4e6d-9f62-ed2178b33d31","ts":"2026-08-20T18:15:08.250+01:00","source":{"id":"0","name":"eventBus"}}
{"__type":"$$EventMessageNode","id":"c1712ddd-e6a2-4e88-90a6-89872f47fc7e","ts":"2026-08-20T18:15:08.251+01:00","eventName":"n8n.node.finished","message":"n8n.node.finished","payload":{"workflowId":"sqPlb2PxAzDya6CT","workflowName":"My workflow","executionId":"6","nodeType":"n8n-nodes-base.webhook","nodeName":"Webhook","nodeId":"99f8ee45-6c9f-439e-bae0-08bea028e5bd"}}
{"__type":"$$EventMessageConfirm","confirm":"c1712ddd-e6a2-4e88-90a6-89872f47fc7e","ts":"2026-08-20T18:15:08.251+01:00","source":{"id":"0","name":"eventBus"}}
{"__type":"$$EventMessageNode","id":"66a71fb6-dcc3-4e97-ae7a-9f33105c6b49","ts":"2026-08-20T18:15:08.251+01:00","eventName":"n8n.node.started","message":"n8n.node.started","payload":{"workflowId":"sqPlb2PxAzDya6CT","workflowName":"My workflow","executionId":"6","nodeType":"n8n-nodes-base.httpRequest","nodeName":"Check AbuseIPDB","nodeId":"57f01d8e-4e62-428d-a95e-ef56a887142f"}}
{"__type":"$$EventMessageConfirm","confirm":"66a71fb6-dcc3-4e97-ae7a-9f33105c6b49","ts":"2026-08-20T18:15:08.251+01:00","source":{"id":"0","name":"eventBus"}}
{"__type":"$$EventMessageNode","id":"9a006270-aaef-476c-8bce-f08acbad8ee6","ts":"2026-08-20T18:15:08.859+01:00","eventName":"n8n.node.finished","message":"n8n.node.finished","payload":{"workflowId":"sqPlb2PxAzDya6CT","workflowName":"My workflow","executionId":"6","nodeType":"n8n-nodes-base.httpRequest","nodeName":"Check AbuseIPDB","nodeId":"57f01d8e-4e62-428d-a95e-ef56a887142f"}}
{"__type":"$$EventMessageConfirm","confirm":"9a006270-aaef-476c-8bce-f08acbad8ee6","ts":"2026-08-20T18:15:08.860+01:00","source":{"id":"0","name":"eventBus"}}
{"__type":"$$EventMessageNode","id":"ac60f2ac-ec21-42b7-8598-41a71dfd4390","ts":"2026-08-20T18:15:08.860+01:00","eventName":"n8n.node.started","message":"n8n.node.started","payload":{"workflowId":"sqPlb2PxAzDya6CT","workflowName":"My workflow","executionId":"6","nodeType":"n8n-nodes-base.httpRequest","nodeName":"Check VirusTotal","nodeId":"58188984-a686-4b11-998b-6bf9e5b907d7"}}
{"__type":"$$EventMessageConfirm","confirm":"ac60f2ac-ec21-42b7-8598-41a71dfd4390","ts":"2026-08-20T18:15:08.860+01:00","source":{"id":"0","name":"eventBus"}}
{"__type":"$$EventMessageNode","id":"7c823c4a-ce8f-4f83-9604-5b577bef0e4c","ts":"2026-08-20T18:15:09.533+01:00","eventName":"n8n.node.finished","message":"n8n.node.finished","payload":{"workflowId":"sqPlb2PxAzDya6CT","workflowName":"My workflow","executionId":"6","nodeType":"n8n-nodes-base.httpRequest","nodeName":"Check VirusTotal","nodeId":"58188984-a686-4b11-998b-6bf9e5b907d7"}}
{"__type":"$$EventMessageConfirm","confirm":"7c823c4a-ce8f-4f83-9604-5b577bef0e4c","ts":"2026-08-20T18:15:09.533+01:00","source":{"id":"0","name":"eventBus"}}
{"__type":"$$EventMessageWorkflow","id":"b8afc68d-6a8b-4787-96ef-a69797ee48a4","ts":"2026-08-20T18:15:09.536+01:00","eventName":"n8n.workflow.success","message":"n8n.workflow.success","payload":{"userId":"c6ab0ce5-b390-4c09-936f-9c6b55ded8ff","executionId":"6","success":true,"isManual":true,"mode":"manual","workflowId":"sqPlb2PxAzDya6CT","workflowName":"My workflow","projectId":"g4FSmW9VUlxDCB5l","projectName":"Anas El Kartouti <elkartoutianas@gmail.com>"}}
{"__type":"$$EventMessageConfirm","confirm":"b8afc68d-6a8b-4787-96ef-a69797ee48a4","ts":"2026-08-20T18:15:09.536+01:00","source":{"id":"0","name":"eventBus"}}
{"__type":"$$EventMessageAudit","id":"6c586051-3442-438e-ba7b-5a030356cd99","ts":"2026-08-20T18:15:54.007+01:00","eventName":"n8n.audit.workflow.updated","message":"n8n.audit.workflow.updated","payload":{"userId":"c6ab0ce5-b390-4c09-936f-9c6b55ded8ff","_email":"elkartoutianas@gmail.com","_firstName":"Anas","_lastName":"El Kartouti","globalRole":"global:owner","workflowId":"sqPlb2PxAzDya6CT","workflowName":"My workflow"}}
{"__type":"$$EventMessageConfirm","confirm":"6c586051-3442-438e-ba7b-5a030356cd99","ts":"2026-08-20T18:15:54.007+01:00","source":{"id":"0","name":"eventBus"}}
{"__type":"$$EventMessageAudit","id":"706ec121-c1ce-4105-a57d-0ec4a06e12c6","ts":"2026-08-20T18:18:39.671+01:00","eventName":"n8n.audit.workflow.updated","message":"n8n.audit.workflow.updated","payload":{"userId":"c6ab0ce5-b390-4c09-936f-9c6b55ded8ff","_email":"elkartoutianas@gmail.com","_firstName":"Anas","_lastName":"El Kartouti","globalRole":"global:owner","workflowId":"sqPlb2PxAzDya6CT","workflowName":"My workflow"}}
{"__type":"$$EventMessageConfirm","confirm":"706ec121-c1ce-4105-a57d-0ec4a06e12c6","ts":"2026-08-20T18:18:39.671+01:00","source":{"id":"0","name":"eventBus"}}
{"__type":"$$EventMessageAudit","id":"10ca61dc-853e-4fbf-93f9-8ed27f805e9e","ts":"2026-08-20T18:18:47.579+01:00","eventName":"n8n.audit.workflow.updated","message":"n8n.audit.workflow.updated","payload":{"userId":"c6ab0ce5-b390-4c09-936f-9c6b55ded8ff","_email":"elkartoutianas@gmail.com","_firstName":"Anas","_lastName":"El Kartouti","globalRole":"global:owner","workflowId":"sqPlb2PxAzDya6CT","workflowName":"My workflow"}}
{"__type":"$$EventMessageConfirm","confirm":"10ca61dc-853e-4fbf-93f9-8ed27f805e9e","ts":"2026-08-20T18:18:47.579+01:00","source":{"id":"0","name":"eventBus"}}
{"__type":"$$EventMessageAudit","id":"89cfa202-65f1-4132-893f-7c90f5bd88d8","ts":"2026-08-20T18:18:51.320+01:00","eventName":"n8n.audit.workflow.updated","message":"n8n.audit.workflow.updated","payload":{"userId":"c6ab0ce5-b390-4c09-936f-9c6b55ded8ff","_email":"elkartoutianas@gmail.com","_firstName":"Anas","_lastName":"El Kartouti","globalRole":"global:owner","workflowId":"sqPlb2PxAzDya6CT","workflowName":"My workflow"}}
{"__type":"$$EventMessageConfirm","confirm":"89cfa202-65f1-4132-893f-7c90f5bd88d8","ts":"2026-08-20T18:18:51.321+01:00","source":{"id":"0","name":"eventBus"}}
{"__type":"$$EventMessageAudit","id":"4cb08a45-92ab-4eec-a64b-697eff636923","ts":"2026-08-20T18:18:54.810+01:00","eventName":"n8n.audit.workflow.updated","message":"n8n.audit.workflow.updated","payload":{"userId":"c6ab0ce5-b390-4c09-936f-9c6b55ded8ff","_email":"elkartoutianas@gmail.com","_firstName":"Anas","_lastName":"El Kartouti","globalRole":"global:owner","workflowId":"sqPlb2PxAzDya6CT","workflowName":"My workflow"}}
{"__type":"$$EventMessageConfirm","confirm":"4cb08a45-92ab-4eec-a64b-697eff636923","ts":"2026-08-20T18:18:54.811+01:00","source":{"id":"0","name":"eventBus"}}
{"__type":"$$EventMessageAudit","id":"52ef22ec-976f-4d28-8ae1-4659ee6f8213","ts":"2026-08-20T18:18:56.942+01:00","eventName":"n8n.audit.workflow.updated","message":"n8n.audit.workflow.updated","payload":{"userId":"c6ab0ce5-b390-4c09-936f-9c6b55ded8ff","_email":"elkartoutianas@gmail.com","_firstName":"Anas","_lastName":"El Kartouti","globalRole":"global:owner","workflowId":"sqPlb2PxAzDya6CT","workflowName":"My workflow"}}
{"__type":"$$EventMessageConfirm","confirm":"52ef22ec-976f-4d28-8ae1-4659ee6f8213","ts":"2026-08-20T18:18:56.942+01:00","source":{"id":"0","name":"eventBus"}}
{"__type":"$$EventMessageAudit","id":"fab96c51-d60f-471e-b348-39e05cab18a1","ts":"2026-08-20T18:19:00.025+01:00","eventName":"n8n.audit.workflow.updated","message":"n8n.audit.workflow.updated","payload":{"userId":"c6ab0ce5-b390-4c09-936f-9c6b55ded8ff","_email":"elkartoutianas@gmail.com","_firstName":"Anas","_lastName":"El Kartouti","globalRole":"global:owner","workflowId":"sqPlb2PxAzDya6CT","workflowName":"My workflow"}}
{"__type":"$$EventMessageConfirm","confirm":"fab96c51-d60f-471e-b348-39e05cab18a1","ts":"2026-08-20T18:19:00.025+01:00","source":{"id":"0","name":"eventBus"}}
{"__type":"$$EventMessageAudit","id":"16d0c669-8eff-47e5-a2a8-a3a0d101b22c","ts":"2026-08-20T18:19:02.212+01:00","eventName":"n8n.audit.workflow.updated","message":"n8n.audit.workflow.updated","payload":{"userId":"c6ab0ce5-b390-4c09-936f-9c6b55ded8ff","_email":"elkartoutianas@gmail.com","_firstName":"Anas","_lastName":"El Kartouti","globalRole":"global:owner","workflowId":"sqPlb2PxAzDya6CT","workflowName":"My workflow"}}
{"__type":"$$EventMessageConfirm","confirm":"16d0c669-8eff-47e5-a2a8-a3a0d101b22c","ts":"2026-08-20T18:19:02.212+01:00","source":{"id":"0","name":"eventBus"}}
{"__type":"$$EventMessageAudit","id":"158552ec-ffc3-411d-8fad-7bb58b96073e","ts":"2026-08-20T18:19:06.308+01:00","eventName":"n8n.audit.workflow.updated","message":"n8n.audit.workflow.updated","payload":{"userId":"c6ab0ce5-b390-4c09-936f-9c6b55ded8ff","_email":"elkartoutianas@gmail.com","_firstName":"Anas","_lastName":"El Kartouti","globalRole":"global:owner","workflowId":"sqPlb2PxAzDya6CT","workflowName":"My workflow"}}
{"__type":"$$EventMessageConfirm","confirm":"158552ec-ffc3-411d-8fad-7bb58b96073e","ts":"2026-08-20T18:19:06.308+01:00","source":{"id":"0","name":"eventBus"}}
{"__type":"$$EventMessageAudit","id":"af17d599-3d8d-4b18-8946-b5a748fb5b80","ts":"2026-08-20T18:19:39.946+01:00","eventName":"n8n.audit.workflow.updated","message":"n8n.audit.workflow.updated","payload":{"userId":"c6ab0ce5-b390-4c09-936f-9c6b55ded8ff","_email":"elkartoutianas@gmail.com","_firstName":"Anas","_lastName":"El Kartouti","globalRole":"global:owner","workflowId":"sqPlb2PxAzDya6CT","workflowName":"My workflow"}}
{"__type":"$$EventMessageConfirm","confirm":"af17d599-3d8d-4b18-8946-b5a748fb5b80","ts":"2026-08-20T18:19:39.946+01:00","source":{"id":"0","name":"eventBus"}}
{"__type":"$$EventMessageAudit","id":"8942b348-c1f2-45b7-b208-89242c5f66e0","ts":"2026-08-20T18:20:19.548+01:00","eventName":"n8n.audit.workflow.updated","message":"n8n.audit.workflow.updated","payload":{"userId":"c6ab0ce5-b390-4c09-936f-9c6b55ded8ff","_email":"elkartoutianas@gmail.com","_firstName":"Anas","_lastName":"El Kartouti","globalRole":"global:owner","workflowId":"sqPlb2PxAzDya6CT","workflowName":"My workflow"}}
{"__type":"$$EventMessageConfirm","confirm":"8942b348-c1f2-45b7-b208-89242c5f66e0","ts":"2026-08-20T18:20:19.548+01:00","source":{"id":"0","name":"eventBus"}}
{"__type":"$$EventMessageAudit","id":"f42ac46b-8d9d-42b3-b257-eeabea20b84a","ts":"2026-08-20T18:20:36.544+01:00","eventName":"n8n.audit.workflow.updated","message":"n8n.audit.workflow.updated","payload":{"userId":"c6ab0ce5-b390-4c09-936f-9c6b55ded8ff","_email":"elkartoutianas@gmail.com","_firstName":"Anas","_lastName":"El Kartouti","globalRole":"global:owner","workflowId":"sqPlb2PxAzDya6CT","workflowName":"My workflow"}}
{"__type":"$$EventMessageConfirm","confirm":"f42ac46b-8d9d-42b3-b257-eeabea20b84a","ts":"2026-08-20T18:20:36.544+01:00","source":{"id":"0","name":"eventBus"}}
{"__type":"$$EventMessageAudit","id":"469b6a99-9472-47fe-9d25-92ec3d6400b7","ts":"2026-08-20T18:20:39.336+01:00","eventName":"n8n.audit.workflow.updated","message":"n8n.audit.workflow.updated","payload":{"userId":"c6ab0ce5-b390-4c09-936f-9c6b55ded8ff","_email":"elkartoutianas@gmail.com","_firstName":"Anas","_lastName":"El Kartouti","globalRole":"global:owner","workflowId":"sqPlb2PxAzDya6CT","workflowName":"My workflow"}}
{"__type":"$$EventMessageConfirm","confirm":"469b6a99-9472-47fe-9d25-92ec3d6400b7","ts":"2026-08-20T18:20:39.336+01:00","source":{"id":"0","name":"eventBus"}}
{"__type":"$$EventMessageAudit","id":"15b3fbb1-efe9-473b-96a0-b16f53cf1eea","ts":"2026-08-20T18:20:52.115+01:00","eventName":"n8n.audit.workflow.updated","message":"n8n.audit.workflow.updated","payload":{"userId":"c6ab0ce5-b390-4c09-936f-9c6b55ded8ff","_email":"elkartoutianas@gmail.com","_firstName":"Anas","_lastName":"El Kartouti","globalRole":"global:owner","workflowId":"sqPlb2PxAzDya6CT","workflowName":"My workflow"}}
{"__type":"$$EventMessageConfirm","confirm":"15b3fbb1-efe9-473b-96a0-b16f53cf1eea","ts":"2026-08-20T18:20:52.115+01:00","source":{"id":"0","name":"eventBus"}}
{"__type":"$$EventMessageAudit","id":"b3999106-6271-4a65-8ae8-169b76fb25ca","ts":"2026-08-20T18:21:03.511+01:00","eventName":"n8n.audit.workflow.updated","message":"n8n.audit.workflow.updated","payload":{"userId":"c6ab0ce5-b390-4c09-936f-9c6b55ded8ff","_email":"elkartoutianas@gmail.com","_firstName":"Anas","_lastName":"El Kartouti","globalRole":"global:owner","workflowId":"sqPlb2PxAzDya6CT","workflowName":"My workflow"}}
{"__type":"$$EventMessageConfirm","confirm":"b3999106-6271-4a65-8ae8-169b76fb25ca","ts":"2026-08-20T18:21:03.511+01:00","source":{"id":"0","name":"eventBus"}}
{"__type":"$$EventMessageAudit","id":"e1f5a446-b003-490b-90b2-b63731503cec","ts":"2026-08-20T18:21:25.329+01:00","eventName":"n8n.audit.workflow.updated","message":"n8n.audit.workflow.updated","payload":{"userId":"c6ab0ce5-b390-4c09-936f-9c6b55ded8ff","_email":"elkartoutianas@gmail.com","_firstName":"Anas","_lastName":"El Kartouti","globalRole":"global:owner","workflowId":"sqPlb2PxAzDya6CT","workflowName":"My workflow"}}
{"__type":"$$EventMessageConfirm","confirm":"e1f5a446-b003-490b-90b2-b63731503cec","ts":"2026-08-20T18:21:25.329+01:00","source":{"id":"0","name":"eventBus"}}
{"__type":"$$EventMessageAudit","id":"4ba138a0-4c7b-49e2-92a9-8f3c293c63b0","ts":"2026-08-20T18:22:25.021+01:00","eventName":"n8n.audit.workflow.updated","message":"n8n.audit.workflow.updated","payload":{"userId":"c6ab0ce5-b390-4c09-936f-9c6b55ded8ff","_email":"elkartoutianas@gmail.com","_firstName":"Anas","_lastName":"El Kartouti","globalRole":"global:owner","workflowId":"sqPlb2PxAzDya6CT","workflowName":"My workflow"}}
{"__type":"$$EventMessageConfirm","confirm":"4ba138a0-4c7b-49e2-92a9-8f3c293c63b0","ts":"2026-08-20T18:22:25.021+01:00","source":{"id":"0","name":"eventBus"}}
{"__type":"$$EventMessageAudit","id":"1ce3009c-3f08-43e5-a3ad-4a250e4c66bc","ts":"2026-08-20T18:25:13.890+01:00","eventName":"n8n.audit.workflow.updated","message":"n8n.audit.workflow.updated","payload":{"userId":"c6ab0ce5-b390-4c09-936f-9c6b55ded8ff","_email":"elkartoutianas@gmail.com","_firstName":"Anas","_lastName":"El Kartouti","globalRole":"global:owner","workflowId":"sqPlb2PxAzDya6CT","workflowName":"My workflow"}}
{"__type":"$$EventMessageConfirm","confirm":"1ce3009c-3f08-43e5-a3ad-4a250e4c66bc","ts":"2026-08-20T18:25:13.890+01:00","source":{"id":"0","name":"eventBus"}}
{"__type":"$$EventMessageAudit","id":"68c6b282-70e1-4b91-9f28-ec7eda0c0045","ts":"2026-08-20T18:30:16.564+01:00","eventName":"n8n.audit.user.credentials.created","message":"n8n.audit.user.credentials.created","payload":{"userId":"c6ab0ce5-b390-4c09-936f-9c6b55ded8ff","_email":"elkartoutianas@gmail.com","_firstName":"Anas","_lastName":"El Kartouti","globalRole":"global:owner","credentialType":"discordWebhookApi","credentialId":"EtJa4968M1kWzzgu","publicApi":false,"projectId":"g4FSmW9VUlxDCB5l","projectType":"personal","isDynamic":false,"usesExternalSecrets":false,"jweEnabled":false,"supportsManagedAuth":false,"usesManagedAuth":false}}
{"__type":"$$EventMessageConfirm","confirm":"68c6b282-70e1-4b91-9f28-ec7eda0c0045","ts":"2026-08-20T18:30:16.564+01:00","source":{"id":"0","name":"eventBus"}}
{"__type":"$$EventMessageAudit","id":"759dd188-a4e7-4c10-bcea-2908f5cc6236","ts":"2026-08-20T18:30:18.118+01:00","eventName":"n8n.audit.workflow.updated","message":"n8n.audit.workflow.updated","payload":{"userId":"c6ab0ce5-b390-4c09-936f-9c6b55ded8ff","_email":"elkartoutianas@gmail.com","_firstName":"Anas","_lastName":"El Kartouti","globalRole":"global:owner","workflowId":"sqPlb2PxAzDya6CT","workflowName":"My workflow"}}
{"__type":"$$EventMessageConfirm","confirm":"759dd188-a4e7-4c10-bcea-2908f5cc6236","ts":"2026-08-20T18:30:18.118+01:00","source":{"id":"0","name":"eventBus"}}
{"__type":"$$EventMessageAudit","id":"2c2f45c9-4573-4366-9be0-ddaa3613416f","ts":"2026-08-20T18:31:39.574+01:00","eventName":"n8n.audit.workflow.updated","message":"n8n.audit.workflow.updated","payload":{"userId":"c6ab0ce5-b390-4c09-936f-9c6b55ded8ff","_email":"elkartoutianas@gmail.com","_firstName":"Anas","_lastName":"El Kartouti","globalRole":"global:owner","workflowId":"sqPlb2PxAzDya6CT","workflowName":"My workflow"}}
{"__type":"$$EventMessageConfirm","confirm":"2c2f45c9-4573-4366-9be0-ddaa3613416f","ts":"2026-08-20T18:31:39.574+01:00","source":{"id":"0","name":"eventBus"}}
{"__type":"$$EventMessageAudit","id":"593eb111-28d7-4461-9c6a-937e566d1358","ts":"2026-08-20T18:31:45.234+01:00","eventName":"n8n.audit.workflow.updated","message":"n8n.audit.workflow.updated","payload":{"userId":"c6ab0ce5-b390-4c09-936f-9c6b55ded8ff","_email":"elkartoutianas@gmail.com","_firstName":"Anas","_lastName":"El Kartouti","globalRole":"global:owner","workflowId":"sqPlb2PxAzDya6CT","workflowName":"My workflow"}}
{"__type":"$$EventMessageConfirm","confirm":"593eb111-28d7-4461-9c6a-937e566d1358","ts":"2026-08-20T18:31:45.234+01:00","source":{"id":"0","name":"eventBus"}}
{"__type":"$$EventMessageAudit","id":"d315a954-9ff8-4392-a185-dd87a7b93b47","ts":"2026-08-20T18:31:47.041+01:00","eventName":"n8n.audit.workflow.updated","message":"n8n.audit.workflow.updated","payload":{"userId":"c6ab0ce5-b390-4c09-936f-9c6b55ded8ff","_email":"elkartoutianas@gmail.com","_firstName":"Anas","_lastName":"El Kartouti","globalRole":"global:owner","workflowId":"sqPlb2PxAzDya6CT","workflowName":"My workflow"}}
{"__type":"$$EventMessageConfirm","confirm":"d315a954-9ff8-4392-a185-dd87a7b93b47","ts":"2026-08-20T18:31:47.042+01:00","source":{"id":"0","name":"eventBus"}}
{"__type":"$$EventMessageAudit","id":"8374d781-48f8-47e5-b6a6-440e85da57a2","ts":"2026-08-20T18:32:06.990+01:00","eventName":"n8n.audit.workflow.updated","message":"n8n.audit.workflow.updated","payload":{"userId":"c6ab0ce5-b390-4c09-936f-9c6b55ded8ff","_email":"elkartoutianas@gmail.com","_firstName":"Anas","_lastName":"El Kartouti","globalRole":"global:owner","workflowId":"sqPlb2PxAzDya6CT","workflowName":"My workflow"}}
{"__type":"$$EventMessageConfirm","confirm":"8374d781-48f8-47e5-b6a6-440e85da57a2","ts":"2026-08-20T18:32:06.990+01:00","source":{"id":"0","name":"eventBus"}}
{"__type":"$$EventMessageAudit","id":"eae26c6e-eb61-41d1-9ebc-55761c4e9117","ts":"2026-08-20T18:32:11.225+01:00","eventName":"n8n.audit.workflow.updated","message":"n8n.audit.workflow.updated","payload":{"userId":"c6ab0ce5-b390-4c09-936f-9c6b55ded8ff","_email":"elkartoutianas@gmail.com","_firstName":"Anas","_lastName":"El Kartouti","globalRole":"global:owner","workflowId":"sqPlb2PxAzDya6CT","workflowName":"My workflow"}}
{"__type":"$$EventMessageConfirm","confirm":"eae26c6e-eb61-41d1-9ebc-55761c4e9117","ts":"2026-08-20T18:32:11.225+01:00","source":{"id":"0","name":"eventBus"}}
{"__type":"$$EventMessageAudit","id":"c9a62419-b231-40b7-987c-06ecc1678874","ts":"2026-08-20T18:32:19.580+01:00","eventName":"n8n.audit.workflow.updated","message":"n8n.audit.workflow.updated","payload":{"userId":"c6ab0ce5-b390-4c09-936f-9c6b55ded8ff","_email":"elkartoutianas@gmail.com","_firstName":"Anas","_lastName":"El Kartouti","globalRole":"global:owner","workflowId":"sqPlb2PxAzDya6CT","workflowName":"My workflow"}}
{"__type":"$$EventMessageConfirm","confirm":"c9a62419-b231-40b7-987c-06ecc1678874","ts":"2026-08-20T18:32:19.580+01:00","source":{"id":"0","name":"eventBus"}}
{"__type":"$$EventMessageAudit","id":"99f62b35-31a6-44cb-bc94-e362bad6d185","ts":"2026-08-20T18:32:25.551+01:00","eventName":"n8n.audit.workflow.updated","message":"n8n.audit.workflow.updated","payload":{"userId":"c6ab0ce5-b390-4c09-936f-9c6b55ded8ff","_email":"elkartoutianas@gmail.com","_firstName":"Anas","_lastName":"El Kartouti","globalRole":"global:owner","workflowId":"sqPlb2PxAzDya6CT","workflowName":"My workflow"}}
{"__type":"$$EventMessageConfirm","confirm":"99f62b35-31a6-44cb-bc94-e362bad6d185","ts":"2026-08-20T18:32:25.552+01:00","source":{"id":"0","name":"eventBus"}}
{"__type":"$$EventMessageAudit","id":"915ba8e8-d457-497a-b1de-2626894f3dd0","ts":"2026-08-20T18:32:28.776+01:00","eventName":"n8n.audit.workflow.updated","message":"n8n.audit.workflow.updated","payload":{"userId":"c6ab0ce5-b390-4c09-936f-9c6b55ded8ff","_email":"elkartoutianas@gmail.com","_firstName":"Anas","_lastName":"El Kartouti","globalRole":"global:owner","workflowId":"sqPlb2PxAzDya6CT","workflowName":"My workflow"}}
{"__type":"$$EventMessageConfirm","confirm":"915ba8e8-d457-497a-b1de-2626894f3dd0","ts":"2026-08-20T18:32:28.776+01:00","source":{"id":"0","name":"eventBus"}}
{"__type":"$$EventMessageAudit","id":"97431e71-a69e-48b9-989b-48e7a285458f","ts":"2026-08-20T18:32:34.665+01:00","eventName":"n8n.audit.workflow.updated","message":"n8n.audit.workflow.updated","payload":{"userId":"c6ab0ce5-b390-4c09-936f-9c6b55ded8ff","_email":"elkartoutianas@gmail.com","_firstName":"Anas","_lastName":"El Kartouti","globalRole":"global:owner","workflowId":"sqPlb2PxAzDya6CT","workflowName":"My workflow"}}
{"__type":"$$EventMessageConfirm","confirm":"97431e71-a69e-48b9-989b-48e7a285458f","ts":"2026-08-20T18:32:34.665+01:00","source":{"id":"0","name":"eventBus"}}
{"__type":"$$EventMessageAudit","id":"aa5ae289-60a7-47c7-b003-8b1521bfebfa","ts":"2026-08-20T18:32:41.700+01:00","eventName":"n8n.audit.workflow.updated","message":"n8n.audit.workflow.updated","payload":{"userId":"c6ab0ce5-b390-4c09-936f-9c6b55ded8ff","_email":"elkartoutianas@gmail.com","_firstName":"Anas","_lastName":"El Kartouti","globalRole":"global:owner","workflowId":"sqPlb2PxAzDya6CT","workflowName":"My workflow"}}
{"__type":"$$EventMessageConfirm","confirm":"aa5ae289-60a7-47c7-b003-8b1521bfebfa","ts":"2026-08-20T18:32:41.700+01:00","source":{"id":"0","name":"eventBus"}}
{"__type":"$$EventMessageAudit","id":"dee8319c-a034-49ae-bc9c-f66b9e31df7a","ts":"2026-08-20T18:32:45.541+01:00","eventName":"n8n.audit.workflow.updated","message":"n8n.audit.workflow.updated","payload":{"userId":"c6ab0ce5-b390-4c09-936f-9c6b55ded8ff","_email":"elkartoutianas@gmail.com","_firstName":"Anas","_lastName":"El Kartouti","globalRole":"global:owner","workflowId":"sqPlb2PxAzDya6CT","workflowName":"My workflow"}}
{"__type":"$$EventMessageConfirm","confirm":"dee8319c-a034-49ae-bc9c-f66b9e31df7a","ts":"2026-08-20T18:32:45.541+01:00","source":{"id":"0","name":"eventBus"}}
{"__type":"$$EventMessageAudit","id":"c6f437ab-9cf1-488c-bb31-8159f3d8e66b","ts":"2026-08-20T18:32:50.397+01:00","eventName":"n8n.audit.workflow.updated","message":"n8n.audit.workflow.updated","payload":{"userId":"c6ab0ce5-b390-4c09-936f-9c6b55ded8ff","_email":"elkartoutianas@gmail.com","_firstName":"Anas","_lastName":"El Kartouti","globalRole":"global:owner","workflowId":"sqPlb2PxAzDya6CT","workflowName":"My workflow"}}
{"__type":"$$EventMessageConfirm","confirm":"c6f437ab-9cf1-488c-bb31-8159f3d8e66b","ts":"2026-08-20T18:32:50.397+01:00","source":{"id":"0","name":"eventBus"}}
{"__type":"$$EventMessageAudit","id":"f89d30dd-c431-4f8f-996b-ab50bab4aa88","ts":"2026-08-20T18:32:56.675+01:00","eventName":"n8n.audit.workflow.updated","message":"n8n.audit.workflow.updated","payload":{"userId":"c6ab0ce5-b390-4c09-936f-9c6b55ded8ff","_email":"elkartoutianas@gmail.com","_firstName":"Anas","_lastName":"El Kartouti","globalRole":"global:owner","workflowId":"sqPlb2PxAzDya6CT","workflowName":"My workflow"}}
{"__type":"$$EventMessageConfirm","confirm":"f89d30dd-c431-4f8f-996b-ab50bab4aa88","ts":"2026-08-20T18:32:56.675+01:00","source":{"id":"0","name":"eventBus"}}
{"__type":"$$EventMessageAudit","id":"a2b0821f-d835-4ca3-93eb-d7c52ab33671","ts":"2026-08-20T18:35:00.545+01:00","eventName":"n8n.audit.workflow.executed","message":"n8n.audit.workflow.executed","payload":{"userId":"c6ab0ce5-b390-4c09-936f-9c6b55ded8ff","_email":"elkartoutianas@gmail.com","_firstName":"Anas","_lastName":"El Kartouti","globalRole":"global:owner","workflowId":"sqPlb2PxAzDya6CT","workflowName":"My workflow","executionId":"7","projectId":"g4FSmW9VUlxDCB5l","projectName":"Anas El Kartouti <elkartoutianas@gmail.com>","source":"user-manual"}}
{"__type":"$$EventMessageConfirm","confirm":"a2b0821f-d835-4ca3-93eb-d7c52ab33671","ts":"2026-08-20T18:35:00.545+01:00","source":{"id":"0","name":"eventBus"}}
{"__type":"$$EventMessageWorkflow","id":"c7fde660-588a-4c61-9c47-5571df920bf4","ts":"2026-08-20T18:35:00.545+01:00","eventName":"n8n.workflow.started","message":"n8n.workflow.started","payload":{"executionId":"7","workflowId":"sqPlb2PxAzDya6CT","isManual":false,"mode":"manual","workflowName":"My workflow","projectId":"g4FSmW9VUlxDCB5l","projectName":"Anas El Kartouti <elkartoutianas@gmail.com>"}}
{"__type":"$$EventMessageConfirm","confirm":"c7fde660-588a-4c61-9c47-5571df920bf4","ts":"2026-08-20T18:35:00.546+01:00","source":{"id":"0","name":"eventBus"}}
{"__type":"$$EventMessageNode","id":"4a09cd2a-89d3-4100-90a7-082a6b464247","ts":"2026-08-20T18:35:00.553+01:00","eventName":"n8n.node.started","message":"n8n.node.started","payload":{"workflowId":"sqPlb2PxAzDya6CT","workflowName":"My workflow","executionId":"7","nodeType":"n8n-nodes-base.merge","nodeName":"Merge","nodeId":"c0ae80f1-0bfe-4acf-98fa-3686933913df"}}
{"__type":"$$EventMessageConfirm","confirm":"4a09cd2a-89d3-4100-90a7-082a6b464247","ts":"2026-08-20T18:35:00.553+01:00","source":{"id":"0","name":"eventBus"}}
{"__type":"$$EventMessageNode","id":"01bb5012-94fd-4c18-96b8-4dd184ab6576","ts":"2026-08-20T18:35:00.576+01:00","eventName":"n8n.node.finished","message":"n8n.node.finished","payload":{"workflowId":"sqPlb2PxAzDya6CT","workflowName":"My workflow","executionId":"7","nodeType":"n8n-nodes-base.merge","nodeName":"Merge","nodeId":"c0ae80f1-0bfe-4acf-98fa-3686933913df"}}
{"__type":"$$EventMessageConfirm","confirm":"01bb5012-94fd-4c18-96b8-4dd184ab6576","ts":"2026-08-20T18:35:00.576+01:00","source":{"id":"0","name":"eventBus"}}
{"__type":"$$EventMessageNode","id":"3aa5dcfd-1cf9-4672-8a6f-536820dc191a","ts":"2026-08-20T18:35:00.578+01:00","eventName":"n8n.node.started","message":"n8n.node.started","payload":{"workflowId":"sqPlb2PxAzDya6CT","workflowName":"My workflow","executionId":"7","nodeType":"n8n-nodes-base.if","nodeName":"If","nodeId":"0d46cec1-faac-4508-a535-0815de4725e5"}}
{"__type":"$$EventMessageConfirm","confirm":"3aa5dcfd-1cf9-4672-8a6f-536820dc191a","ts":"2026-08-20T18:35:00.578+01:00","source":{"id":"0","name":"eventBus"}}
{"__type":"$$EventMessageNode","id":"590e56e3-42a1-4d84-9cc3-a4d155acf976","ts":"2026-08-20T18:35:00.588+01:00","eventName":"n8n.node.finished","message":"n8n.node.finished","payload":{"workflowId":"sqPlb2PxAzDya6CT","workflowName":"My workflow","executionId":"7","nodeType":"n8n-nodes-base.if","nodeName":"If","nodeId":"0d46cec1-faac-4508-a535-0815de4725e5"}}
{"__type":"$$EventMessageConfirm","confirm":"590e56e3-42a1-4d84-9cc3-a4d155acf976","ts":"2026-08-20T18:35:00.589+01:00","source":{"id":"0","name":"eventBus"}}
{"__type":"$$EventMessageWorkflow","id":"9dd5f7ed-fc82-470b-813c-c266f083fe5e","ts":"2026-08-20T18:35:00.591+01:00","eventName":"n8n.workflow.success","message":"n8n.workflow.success","payload":{"userId":"c6ab0ce5-b390-4c09-936f-9c6b55ded8ff","executionId":"7","success":true,"isManual":true,"mode":"manual","workflowId":"sqPlb2PxAzDya6CT","workflowName":"My workflow","projectId":"g4FSmW9VUlxDCB5l","projectName":"Anas El Kartouti <elkartoutianas@gmail.com>"}}
{"__type":"$$EventMessageConfirm","confirm":"9dd5f7ed-fc82-470b-813c-c266f083fe5e","ts":"2026-08-20T18:35:00.591+01:00","source":{"id":"0","name":"eventBus"}}
{"__type":"$$EventMessageWorkflow","id":"c0430602-9ed3-4d07-93a7-3ced28cde1d3","ts":"2026-08-20T18:35:08.695+01:00","eventName":"n8n.workflow.started","message":"n8n.workflow.started","payload":{"executionId":"8","workflowId":"sqPlb2PxAzDya6CT","isManual":false,"mode":"manual","workflowName":"My workflow","projectId":"g4FSmW9VUlxDCB5l","projectName":"Anas El Kartouti <elkartoutianas@gmail.com>"}}
{"__type":"$$EventMessageConfirm","confirm":"c0430602-9ed3-4d07-93a7-3ced28cde1d3","ts":"2026-08-20T18:35:08.695+01:00","source":{"id":"0","name":"eventBus"}}
{"__type":"$$EventMessageAudit","id":"1e976175-3ee7-46c5-86e6-a4043fc9fdae","ts":"2026-08-20T18:35:08.696+01:00","eventName":"n8n.audit.workflow.executed","message":"n8n.audit.workflow.executed","payload":{"userId":"c6ab0ce5-b390-4c09-936f-9c6b55ded8ff","_email":"elkartoutianas@gmail.com","_firstName":"Anas","_lastName":"El Kartouti","globalRole":"global:owner","workflowId":"sqPlb2PxAzDya6CT","workflowName":"My workflow","executionId":"8","projectId":"g4FSmW9VUlxDCB5l","projectName":"Anas El Kartouti <elkartoutianas@gmail.com>","source":"user-manual"}}
{"__type":"$$EventMessageConfirm","confirm":"1e976175-3ee7-46c5-86e6-a4043fc9fdae","ts":"2026-08-20T18:35:08.696+01:00","source":{"id":"0","name":"eventBus"}}
{"__type":"$$EventMessageWorkflow","id":"02a432ab-d150-4938-b70b-929656121bc3","ts":"2026-08-20T18:35:08.707+01:00","eventName":"n8n.workflow.success","message":"n8n.workflow.success","payload":{"userId":"c6ab0ce5-b390-4c09-936f-9c6b55ded8ff","executionId":"8","success":true,"isManual":true,"mode":"manual","workflowId":"sqPlb2PxAzDya6CT","workflowName":"My workflow","projectId":"g4FSmW9VUlxDCB5l","projectName":"Anas El Kartouti <elkartoutianas@gmail.com>"}}
{"__type":"$$EventMessageConfirm","confirm":"02a432ab-d150-4938-b70b-929656121bc3","ts":"2026-08-20T18:35:08.707+01:00","source":{"id":"0","name":"eventBus"}}
{"__type":"$$EventMessageWorkflow","id":"ba6c9246-8e0a-434a-b75b-ec311dc07e06","ts":"2026-08-20T18:35:41.036+01:00","eventName":"n8n.workflow.started","message":"n8n.workflow.started","payload":{"executionId":"9","workflowId":"sqPlb2PxAzDya6CT","isManual":false,"mode":"manual","workflowName":"My workflow","projectId":"g4FSmW9VUlxDCB5l","projectName":"Anas El Kartouti <elkartoutianas@gmail.com>"}}
{"__type":"$$EventMessageConfirm","confirm":"ba6c9246-8e0a-434a-b75b-ec311dc07e06","ts":"2026-08-20T18:35:41.036+01:00","source":{"id":"0","name":"eventBus"}}
{"__type":"$$EventMessageAudit","id":"99c2a68a-4663-49b7-9467-d8cdbe9ed096","ts":"2026-08-20T18:35:41.037+01:00","eventName":"n8n.audit.workflow.executed","message":"n8n.audit.workflow.executed","payload":{"userId":"c6ab0ce5-b390-4c09-936f-9c6b55ded8ff","_email":"elkartoutianas@gmail.com","_firstName":"Anas","_lastName":"El Kartouti","globalRole":"global:owner","workflowId":"sqPlb2PxAzDya6CT","workflowName":"My workflow","executionId":"9","projectId":"g4FSmW9VUlxDCB5l","projectName":"Anas El Kartouti <elkartoutianas@gmail.com>","source":"user-manual"}}
{"__type":"$$EventMessageConfirm","confirm":"99c2a68a-4663-49b7-9467-d8cdbe9ed096","ts":"2026-08-20T18:35:41.037+01:00","source":{"id":"0","name":"eventBus"}}
{"__type":"$$EventMessageWorkflow","id":"f6851470-8dc0-4212-89fa-2f53d0bfd4cd","ts":"2026-08-20T18:35:41.066+01:00","eventName":"n8n.workflow.success","message":"n8n.workflow.success","payload":{"userId":"c6ab0ce5-b390-4c09-936f-9c6b55ded8ff","executionId":"9","success":true,"isManual":true,"mode":"manual","workflowId":"sqPlb2PxAzDya6CT","workflowName":"My workflow","projectId":"g4FSmW9VUlxDCB5l","projectName":"Anas El Kartouti <elkartoutianas@gmail.com>"}}
{"__type":"$$EventMessageConfirm","confirm":"f6851470-8dc0-4212-89fa-2f53d0bfd4cd","ts":"2026-08-20T18:35:41.066+01:00","source":{"id":"0","name":"eventBus"}}
{"__type":"$$EventMessageAudit","id":"9402dc94-b1a6-427c-8295-2cef8d359027","ts":"2026-08-20T18:45:27.773+01:00","eventName":"n8n.audit.workflow.updated","message":"n8n.audit.workflow.updated","payload":{"userId":"c6ab0ce5-b390-4c09-936f-9c6b55ded8ff","_email":"elkartoutianas@gmail.com","_firstName":"Anas","_lastName":"El Kartouti","globalRole":"global:owner","workflowId":"sqPlb2PxAzDya6CT","workflowName":"My workflow"}}
{"__type":"$$EventMessageConfirm","confirm":"9402dc94-b1a6-427c-8295-2cef8d359027","ts":"2026-08-20T18:45:27.773+01:00","source":{"id":"0","name":"eventBus"}}
{"__type":"$$EventMessageAudit","id":"51ecd7bb-f426-4281-8112-0d9a8e8ccb12","ts":"2026-08-20T18:49:35.408+01:00","eventName":"n8n.audit.workflow.activated","message":"n8n.audit.workflow.activated","payload":{"userId":"c6ab0ce5-b390-4c09-936f-9c6b55ded8ff","_email":"elkartoutianas@gmail.com","_firstName":"Anas","_lastName":"El Kartouti","globalRole":"global:owner","workflowId":"sqPlb2PxAzDya6CT","workflowName":"My workflow","activeVersionId":"8e6b50d8-7c34-4c1f-8faf-9797d662aa61"}}
{"__type":"$$EventMessageConfirm","confirm":"51ecd7bb-f426-4281-8112-0d9a8e8ccb12","ts":"2026-08-20T18:49:35.408+01:00","source":{"id":"0","name":"eventBus"}}
{"__type":"$$EventMessageAudit","id":"8e8682a3-045e-4858-9c5e-418bd5235ddf","ts":"2026-08-20T18:50:14.531+01:00","eventName":"n8n.audit.workflow.executed","message":"n8n.audit.workflow.executed","payload":{"workflowId":"sqPlb2PxAzDya6CT","workflowName":"My workflow","executionId":"10","projectId":"g4FSmW9VUlxDCB5l","projectName":"Anas El Kartouti <elkartoutianas@gmail.com>","source":"webhook"}}
{"__type":"$$EventMessageConfirm","confirm":"8e8682a3-045e-4858-9c5e-418bd5235ddf","ts":"2026-08-20T18:50:14.531+01:00","source":{"id":"0","name":"eventBus"}}
{"__type":"$$EventMessageWorkflow","id":"8663fcab-f09e-491a-ad69-dfc74d1d6604","ts":"2026-08-20T18:50:14.532+01:00","eventName":"n8n.workflow.started","message":"n8n.workflow.started","payload":{"executionId":"10","workflowId":"sqPlb2PxAzDya6CT","isManual":false,"mode":"webhook","workflowName":"My workflow","projectId":"g4FSmW9VUlxDCB5l","projectName":"Anas El Kartouti <elkartoutianas@gmail.com>"}}
{"__type":"$$EventMessageConfirm","confirm":"8663fcab-f09e-491a-ad69-dfc74d1d6604","ts":"2026-08-20T18:50:14.532+01:00","source":{"id":"0","name":"eventBus"}}
{"__type":"$$EventMessageNode","id":"0d5d9439-d321-4396-a118-c5a65d94d83d","ts":"2026-08-20T18:50:14.532+01:00","eventName":"n8n.node.started","message":"n8n.node.started","payload":{"workflowId":"sqPlb2PxAzDya6CT","workflowName":"My workflow","executionId":"10","nodeType":"n8n-nodes-base.webhook","nodeName":"Webhook","nodeId":"99f8ee45-6c9f-439e-bae0-08bea028e5bd"}}
{"__type":"$$EventMessageConfirm","confirm":"0d5d9439-d321-4396-a118-c5a65d94d83d","ts":"2026-08-20T18:50:14.532+01:00","source":{"id":"0","name":"eventBus"}}
{"__type":"$$EventMessageNode","id":"31601a87-a779-46e2-b6b1-cf3ec4f77e8d","ts":"2026-08-20T18:50:14.532+01:00","eventName":"n8n.node.finished","message":"n8n.node.finished","payload":{"workflowId":"sqPlb2PxAzDya6CT","workflowName":"My workflow","executionId":"10","nodeType":"n8n-nodes-base.webhook","nodeName":"Webhook","nodeId":"99f8ee45-6c9f-439e-bae0-08bea028e5bd"}}
{"__type":"$$EventMessageConfirm","confirm":"31601a87-a779-46e2-b6b1-cf3ec4f77e8d","ts":"2026-08-20T18:50:14.533+01:00","source":{"id":"0","name":"eventBus"}}
{"__type":"$$EventMessageNode","id":"2cce2131-2761-482f-9201-90281b48a037","ts":"2026-08-20T18:50:14.533+01:00","eventName":"n8n.node.started","message":"n8n.node.started","payload":{"workflowId":"sqPlb2PxAzDya6CT","workflowName":"My workflow","executionId":"10","nodeType":"n8n-nodes-base.httpRequest","nodeName":"Check AbuseIPDB","nodeId":"57f01d8e-4e62-428d-a95e-ef56a887142f"}}
{"__type":"$$EventMessageConfirm","confirm":"2cce2131-2761-482f-9201-90281b48a037","ts":"2026-08-20T18:50:14.533+01:00","source":{"id":"0","name":"eventBus"}}
{"__type":"$$EventMessageNode","id":"b03b2d64-90c3-4284-9d63-f0895af40a8f","ts":"2026-08-20T18:50:15.052+01:00","eventName":"n8n.node.finished","message":"n8n.node.finished","payload":{"workflowId":"sqPlb2PxAzDya6CT","workflowName":"My workflow","executionId":"10","nodeType":"n8n-nodes-base.httpRequest","nodeName":"Check AbuseIPDB","nodeId":"57f01d8e-4e62-428d-a95e-ef56a887142f"}}
{"__type":"$$EventMessageConfirm","confirm":"b03b2d64-90c3-4284-9d63-f0895af40a8f","ts":"2026-08-20T18:50:15.052+01:00","source":{"id":"0","name":"eventBus"}}
{"__type":"$$EventMessageNode","id":"d207e1f3-7483-4452-8e5e-7305e24b33b5","ts":"2026-08-20T18:50:15.052+01:00","eventName":"n8n.node.started","message":"n8n.node.started","payload":{"workflowId":"sqPlb2PxAzDya6CT","workflowName":"My workflow","executionId":"10","nodeType":"n8n-nodes-base.httpRequest","nodeName":"Check VirusTotal","nodeId":"58188984-a686-4b11-998b-6bf9e5b907d7"}}
{"__type":"$$EventMessageConfirm","confirm":"d207e1f3-7483-4452-8e5e-7305e24b33b5","ts":"2026-08-20T18:50:15.052+01:00","source":{"id":"0","name":"eventBus"}}
{"__type":"$$EventMessageNode","id":"4bff5fcd-2128-45df-a038-a2d403107055","ts":"2026-08-20T18:50:20.066+01:00","eventName":"n8n.node.finished","message":"n8n.node.finished","payload":{"workflowId":"sqPlb2PxAzDya6CT","workflowName":"My workflow","executionId":"10","nodeType":"n8n-nodes-base.httpRequest","nodeName":"Check VirusTotal","nodeId":"58188984-a686-4b11-998b-6bf9e5b907d7"}}
{"__type":"$$EventMessageConfirm","confirm":"4bff5fcd-2128-45df-a038-a2d403107055","ts":"2026-08-20T18:50:20.066+01:00","source":{"id":"0","name":"eventBus"}}
{"__type":"$$EventMessageWorkflow","id":"48c285f6-2581-431c-9326-ab3c9f52d599","ts":"2026-08-20T18:50:20.067+01:00","eventName":"n8n.workflow.failed","message":"n8n.workflow.failed","payload":{"executionId":"10","success":false,"isManual":false,"mode":"webhook","workflowId":"sqPlb2PxAzDya6CT","workflowName":"My workflow","projectId":"g4FSmW9VUlxDCB5l","projectName":"Anas El Kartouti <elkartoutianas@gmail.com>","lastNodeExecuted":"Check VirusTotal","errorNodeType":"n8n-nodes-base.httpRequest","errorMessage":"The DNS server returned an error, perhaps the server is offline"}}
{"__type":"$$EventMessageConfirm","confirm":"48c285f6-2581-431c-9326-ab3c9f52d599","ts":"2026-08-20T18:50:20.067+01:00","source":{"id":"0","name":"eventBus"}}
{"__type":"$$EventMessageAudit","id":"14909df5-7d0d-452a-9fde-13c15505b3f8","ts":"2026-08-20T18:51:23.678+01:00","eventName":"n8n.audit.workflow.executed","message":"n8n.audit.workflow.executed","payload":{"workflowId":"sqPlb2PxAzDya6CT","workflowName":"My workflow","executionId":"11","projectId":"g4FSmW9VUlxDCB5l","projectName":"Anas El Kartouti <elkartoutianas@gmail.com>","source":"webhook"}}
{"__type":"$$EventMessageConfirm","confirm":"14909df5-7d0d-452a-9fde-13c15505b3f8","ts":"2026-08-20T18:51:23.678+01:00","source":{"id":"0","name":"eventBus"}}
{"__type":"$$EventMessageWorkflow","id":"6cbbe708-ae68-4c62-90fa-25ecd4cac0e4","ts":"2026-08-20T18:51:23.678+01:00","eventName":"n8n.workflow.started","message":"n8n.workflow.started","payload":{"executionId":"11","workflowId":"sqPlb2PxAzDya6CT","isManual":false,"mode":"webhook","workflowName":"My workflow","projectId":"g4FSmW9VUlxDCB5l","projectName":"Anas El Kartouti <elkartoutianas@gmail.com>"}}
{"__type":"$$EventMessageConfirm","confirm":"6cbbe708-ae68-4c62-90fa-25ecd4cac0e4","ts":"2026-08-20T18:51:23.678+01:00","source":{"id":"0","name":"eventBus"}}
{"__type":"$$EventMessageNode","id":"0b0f3ee9-52d8-4c3e-bb1e-0afb79e4b3af","ts":"2026-08-20T18:51:23.679+01:00","eventName":"n8n.node.started","message":"n8n.node.started","payload":{"workflowId":"sqPlb2PxAzDya6CT","workflowName":"My workflow","executionId":"11","nodeType":"n8n-nodes-base.webhook","nodeName":"Webhook","nodeId":"99f8ee45-6c9f-439e-bae0-08bea028e5bd"}}
{"__type":"$$EventMessageConfirm","confirm":"0b0f3ee9-52d8-4c3e-bb1e-0afb79e4b3af","ts":"2026-08-20T18:51:23.679+01:00","source":{"id":"0","name":"eventBus"}}
{"__type":"$$EventMessageNode","id":"52ba3a3d-d128-476c-af8f-b86d6a6935bb","ts":"2026-08-20T18:51:23.679+01:00","eventName":"n8n.node.finished","message":"n8n.node.finished","payload":{"workflowId":"sqPlb2PxAzDya6CT","workflowName":"My workflow","executionId":"11","nodeType":"n8n-nodes-base.webhook","nodeName":"Webhook","nodeId":"99f8ee45-6c9f-439e-bae0-08bea028e5bd"}}
{"__type":"$$EventMessageConfirm","confirm":"52ba3a3d-d128-476c-af8f-b86d6a6935bb","ts":"2026-08-20T18:51:23.679+01:00","source":{"id":"0","name":"eventBus"}}
{"__type":"$$EventMessageNode","id":"663eb5f5-75f4-4feb-a914-f5a03abb00b9","ts":"2026-08-20T18:51:23.680+01:00","eventName":"n8n.node.started","message":"n8n.node.started","payload":{"workflowId":"sqPlb2PxAzDya6CT","workflowName":"My workflow","executionId":"11","nodeType":"n8n-nodes-base.httpRequest","nodeName":"Check AbuseIPDB","nodeId":"57f01d8e-4e62-428d-a95e-ef56a887142f"}}
{"__type":"$$EventMessageConfirm","confirm":"663eb5f5-75f4-4feb-a914-f5a03abb00b9","ts":"2026-08-20T18:51:23.680+01:00","source":{"id":"0","name":"eventBus"}}
{"__type":"$$EventMessageNode","id":"61dd762a-6bec-4edc-9850-dcf69c203c13","ts":"2026-08-20T18:51:24.170+01:00","eventName":"n8n.node.finished","message":"n8n.node.finished","payload":{"workflowId":"sqPlb2PxAzDya6CT","workflowName":"My workflow","executionId":"11","nodeType":"n8n-nodes-base.httpRequest","nodeName":"Check AbuseIPDB","nodeId":"57f01d8e-4e62-428d-a95e-ef56a887142f"}}
{"__type":"$$EventMessageConfirm","confirm":"61dd762a-6bec-4edc-9850-dcf69c203c13","ts":"2026-08-20T18:51:24.170+01:00","source":{"id":"0","name":"eventBus"}}
{"__type":"$$EventMessageNode","id":"30580df7-5404-4d15-9236-615a6e15dc1a","ts":"2026-08-20T18:51:24.170+01:00","eventName":"n8n.node.started","message":"n8n.node.started","payload":{"workflowId":"sqPlb2PxAzDya6CT","workflowName":"My workflow","executionId":"11","nodeType":"n8n-nodes-base.httpRequest","nodeName":"Check VirusTotal","nodeId":"58188984-a686-4b11-998b-6bf9e5b907d7"}}
{"__type":"$$EventMessageConfirm","confirm":"30580df7-5404-4d15-9236-615a6e15dc1a","ts":"2026-08-20T18:51:24.170+01:00","source":{"id":"0","name":"eventBus"}}
{"__type":"$$EventMessageNode","id":"66ff9e24-92b8-4d41-9608-bd5c1ff47004","ts":"2026-08-20T18:51:24.765+01:00","eventName":"n8n.node.finished","message":"n8n.node.finished","payload":{"workflowId":"sqPlb2PxAzDya6CT","workflowName":"My workflow","executionId":"11","nodeType":"n8n-nodes-base.httpRequest","nodeName":"Check VirusTotal","nodeId":"58188984-a686-4b11-998b-6bf9e5b907d7"}}
{"__type":"$$EventMessageConfirm","confirm":"66ff9e24-92b8-4d41-9608-bd5c1ff47004","ts":"2026-08-20T18:51:24.765+01:00","source":{"id":"0","name":"eventBus"}}
{"__type":"$$EventMessageNode","id":"6588e79c-948f-4f9d-9e9a-6096e5db6f4d","ts":"2026-08-20T18:51:24.765+01:00","eventName":"n8n.node.started","message":"n8n.node.started","payload":{"workflowId":"sqPlb2PxAzDya6CT","workflowName":"My workflow","executionId":"11","nodeType":"n8n-nodes-base.merge","nodeName":"Merge","nodeId":"c0ae80f1-0bfe-4acf-98fa-3686933913df"}}
{"__type":"$$EventMessageConfirm","confirm":"6588e79c-948f-4f9d-9e9a-6096e5db6f4d","ts":"2026-08-20T18:51:24.765+01:00","source":{"id":"0","name":"eventBus"}}
{"__type":"$$EventMessageNode","id":"670b979f-1c71-461e-b670-eb00319968c4","ts":"2026-08-20T18:51:24.768+01:00","eventName":"n8n.node.finished","message":"n8n.node.finished","payload":{"workflowId":"sqPlb2PxAzDya6CT","workflowName":"My workflow","executionId":"11","nodeType":"n8n-nodes-base.merge","nodeName":"Merge","nodeId":"c0ae80f1-0bfe-4acf-98fa-3686933913df"}}
{"__type":"$$EventMessageConfirm","confirm":"670b979f-1c71-461e-b670-eb00319968c4","ts":"2026-08-20T18:51:24.768+01:00","source":{"id":"0","name":"eventBus"}}
{"__type":"$$EventMessageNode","id":"d1200ac6-72a3-4bd8-ac6f-797a665b3c85","ts":"2026-08-20T18:51:24.768+01:00","eventName":"n8n.node.started","message":"n8n.node.started","payload":{"workflowId":"sqPlb2PxAzDya6CT","workflowName":"My workflow","executionId":"11","nodeType":"n8n-nodes-base.if","nodeName":"If","nodeId":"0d46cec1-faac-4508-a535-0815de4725e5"}}
{"__type":"$$EventMessageConfirm","confirm":"d1200ac6-72a3-4bd8-ac6f-797a665b3c85","ts":"2026-08-20T18:51:24.768+01:00","source":{"id":"0","name":"eventBus"}}
{"__type":"$$EventMessageNode","id":"0386b556-df8c-47d6-8d9e-611ccf61610d","ts":"2026-08-20T18:51:24.775+01:00","eventName":"n8n.node.finished","message":"n8n.node.finished","payload":{"workflowId":"sqPlb2PxAzDya6CT","workflowName":"My workflow","executionId":"11","nodeType":"n8n-nodes-base.if","nodeName":"If","nodeId":"0d46cec1-faac-4508-a535-0815de4725e5"}}
{"__type":"$$EventMessageConfirm","confirm":"0386b556-df8c-47d6-8d9e-611ccf61610d","ts":"2026-08-20T18:51:24.775+01:00","source":{"id":"0","name":"eventBus"}}
{"__type":"$$EventMessageNode","id":"ea53eea1-1a62-4dd0-a33e-c16ba1ef3dcf","ts":"2026-08-20T18:51:24.775+01:00","eventName":"n8n.node.started","message":"n8n.node.started","payload":{"workflowId":"sqPlb2PxAzDya6CT","workflowName":"My workflow","executionId":"11","nodeType":"n8n-nodes-base.discord","nodeName":"Discord","nodeId":"cb778d03-c76c-4cac-8d16-d3c7af27db12"}}
{"__type":"$$EventMessageConfirm","confirm":"ea53eea1-1a62-4dd0-a33e-c16ba1ef3dcf","ts":"2026-08-20T18:51:24.775+01:00","source":{"id":"0","name":"eventBus"}}
{"__type":"$$EventMessageNode","id":"f0f3a3d4-042b-4508-a462-0d61a8a4b4b9","ts":"2026-08-20T18:51:27.567+01:00","eventName":"n8n.node.finished","message":"n8n.node.finished","payload":{"workflowId":"sqPlb2PxAzDya6CT","workflowName":"My workflow","executionId":"11","nodeType":"n8n-nodes-base.discord","nodeName":"Discord","nodeId":"cb778d03-c76c-4cac-8d16-d3c7af27db12"}}
{"__type":"$$EventMessageConfirm","confirm":"f0f3a3d4-042b-4508-a462-0d61a8a4b4b9","ts":"2026-08-20T18:51:27.567+01:00","source":{"id":"0","name":"eventBus"}}
{"__type":"$$EventMessageWorkflow","id":"29cf38cd-2c37-4484-a138-5a3bdc4df42b","ts":"2026-08-20T18:51:27.568+01:00","eventName":"n8n.workflow.success","message":"n8n.workflow.success","payload":{"executionId":"11","success":true,"isManual":false,"mode":"webhook","workflowId":"sqPlb2PxAzDya6CT","workflowName":"My workflow","projectId":"g4FSmW9VUlxDCB5l","projectName":"Anas El Kartouti <elkartoutianas@gmail.com>"}}
{"__type":"$$EventMessageConfirm","confirm":"29cf38cd-2c37-4484-a138-5a3bdc4df42b","ts":"2026-08-20T18:51:27.568+01:00","source":{"id":"0","name":"eventBus"}}
{"__type":"$$EventMessageAudit","id":"5f776c2d-d9dc-4e15-8645-341d9426af4c","ts":"2026-08-20T18:52:16.568+01:00","eventName":"n8n.audit.workflow.executed","message":"n8n.audit.workflow.executed","payload":{"workflowId":"sqPlb2PxAzDya6CT","workflowName":"My workflow","executionId":"12","projectId":"g4FSmW9VUlxDCB5l","projectName":"Anas El Kartouti <elkartoutianas@gmail.com>","source":"webhook"}}
{"__type":"$$EventMessageConfirm","confirm":"5f776c2d-d9dc-4e15-8645-341d9426af4c","ts":"2026-08-20T18:52:16.568+01:00","source":{"id":"0","name":"eventBus"}}
{"__type":"$$EventMessageWorkflow","id":"b4ca4907-6d58-443d-ac54-30bca083af70","ts":"2026-08-20T18:52:16.568+01:00","eventName":"n8n.workflow.started","message":"n8n.workflow.started","payload":{"executionId":"12","workflowId":"sqPlb2PxAzDya6CT","isManual":false,"mode":"webhook","workflowName":"My workflow","projectId":"g4FSmW9VUlxDCB5l","projectName":"Anas El Kartouti <elkartoutianas@gmail.com>"}}
{"__type":"$$EventMessageConfirm","confirm":"b4ca4907-6d58-443d-ac54-30bca083af70","ts":"2026-08-20T18:52:16.568+01:00","source":{"id":"0","name":"eventBus"}}
{"__type":"$$EventMessageNode","id":"71afd514-df73-4b29-ae7e-05b1adf2e66f","ts":"2026-08-20T18:52:16.569+01:00","eventName":"n8n.node.started","message":"n8n.node.started","payload":{"workflowId":"sqPlb2PxAzDya6CT","workflowName":"My workflow","executionId":"12","nodeType":"n8n-nodes-base.webhook","nodeName":"Webhook","nodeId":"99f8ee45-6c9f-439e-bae0-08bea028e5bd"}}
{"__type":"$$EventMessageConfirm","confirm":"71afd514-df73-4b29-ae7e-05b1adf2e66f","ts":"2026-08-20T18:52:16.570+01:00","source":{"id":"0","name":"eventBus"}}
{"__type":"$$EventMessageNode","id":"3a6814a5-2440-417c-9306-c1804a953cac","ts":"2026-08-20T18:52:16.570+01:00","eventName":"n8n.node.finished","message":"n8n.node.finished","payload":{"workflowId":"sqPlb2PxAzDya6CT","workflowName":"My workflow","executionId":"12","nodeType":"n8n-nodes-base.webhook","nodeName":"Webhook","nodeId":"99f8ee45-6c9f-439e-bae0-08bea028e5bd"}}
{"__type":"$$EventMessageConfirm","confirm":"3a6814a5-2440-417c-9306-c1804a953cac","ts":"2026-08-20T18:52:16.570+01:00","source":{"id":"0","name":"eventBus"}}
{"__type":"$$EventMessageNode","id":"9e09b567-dc1c-4eb5-9cc9-912140248875","ts":"2026-08-20T18:52:16.570+01:00","eventName":"n8n.node.started","message":"n8n.node.started","payload":{"workflowId":"sqPlb2PxAzDya6CT","workflowName":"My workflow","executionId":"12","nodeType":"n8n-nodes-base.httpRequest","nodeName":"Check AbuseIPDB","nodeId":"57f01d8e-4e62-428d-a95e-ef56a887142f"}}
{"__type":"$$EventMessageConfirm","confirm":"9e09b567-dc1c-4eb5-9cc9-912140248875","ts":"2026-08-20T18:52:16.570+01:00","source":{"id":"0","name":"eventBus"}}
{"__type":"$$EventMessageNode","id":"4a88fc0c-57a2-431e-b7da-69acacf105b2","ts":"2026-08-20T18:52:17.160+01:00","eventName":"n8n.node.finished","message":"n8n.node.finished","payload":{"workflowId":"sqPlb2PxAzDya6CT","workflowName":"My workflow","executionId":"12","nodeType":"n8n-nodes-base.httpRequest","nodeName":"Check AbuseIPDB","nodeId":"57f01d8e-4e62-428d-a95e-ef56a887142f"}}
{"__type":"$$EventMessageConfirm","confirm":"4a88fc0c-57a2-431e-b7da-69acacf105b2","ts":"2026-08-20T18:52:17.161+01:00","source":{"id":"0","name":"eventBus"}}
{"__type":"$$EventMessageNode","id":"f847d806-5bb3-4150-baf3-1b151ee2832f","ts":"2026-08-20T18:52:17.161+01:00","eventName":"n8n.node.started","message":"n8n.node.started","payload":{"workflowId":"sqPlb2PxAzDya6CT","workflowName":"My workflow","executionId":"12","nodeType":"n8n-nodes-base.httpRequest","nodeName":"Check VirusTotal","nodeId":"58188984-a686-4b11-998b-6bf9e5b907d7"}}
{"__type":"$$EventMessageConfirm","confirm":"f847d806-5bb3-4150-baf3-1b151ee2832f","ts":"2026-08-20T18:52:17.161+01:00","source":{"id":"0","name":"eventBus"}}
{"__type":"$$EventMessageNode","id":"b21f5033-9b1f-44bb-9507-637b8cec9863","ts":"2026-08-20T18:52:17.818+01:00","eventName":"n8n.node.finished","message":"n8n.node.finished","payload":{"workflowId":"sqPlb2PxAzDya6CT","workflowName":"My workflow","executionId":"12","nodeType":"n8n-nodes-base.httpRequest","nodeName":"Check VirusTotal","nodeId":"58188984-a686-4b11-998b-6bf9e5b907d7"}}
{"__type":"$$EventMessageConfirm","confirm":"b21f5033-9b1f-44bb-9507-637b8cec9863","ts":"2026-08-20T18:52:17.818+01:00","source":{"id":"0","name":"eventBus"}}
{"__type":"$$EventMessageNode","id":"1a21ef1e-7a09-4179-ad1b-2cc7ff11d0dc","ts":"2026-08-20T18:52:17.818+01:00","eventName":"n8n.node.started","message":"n8n.node.started","payload":{"workflowId":"sqPlb2PxAzDya6CT","workflowName":"My workflow","executionId":"12","nodeType":"n8n-nodes-base.merge","nodeName":"Merge","nodeId":"c0ae80f1-0bfe-4acf-98fa-3686933913df"}}
{"__type":"$$EventMessageConfirm","confirm":"1a21ef1e-7a09-4179-ad1b-2cc7ff11d0dc","ts":"2026-08-20T18:52:17.818+01:00","source":{"id":"0","name":"eventBus"}}
{"__type":"$$EventMessageNode","id":"9ec7299e-916f-4ba8-acb2-91bdbc8e437c","ts":"2026-08-20T18:52:17.819+01:00","eventName":"n8n.node.finished","message":"n8n.node.finished","payload":{"workflowId":"sqPlb2PxAzDya6CT","workflowName":"My workflow","executionId":"12","nodeType":"n8n-nodes-base.merge","nodeName":"Merge","nodeId":"c0ae80f1-0bfe-4acf-98fa-3686933913df"}}
{"__type":"$$EventMessageConfirm","confirm":"9ec7299e-916f-4ba8-acb2-91bdbc8e437c","ts":"2026-08-20T18:52:17.819+01:00","source":{"id":"0","name":"eventBus"}}
{"__type":"$$EventMessageNode","id":"ccd8ae7a-e1a4-4065-9401-c37687c14957","ts":"2026-08-20T18:52:17.819+01:00","eventName":"n8n.node.started","message":"n8n.node.started","payload":{"workflowId":"sqPlb2PxAzDya6CT","workflowName":"My workflow","executionId":"12","nodeType":"n8n-nodes-base.if","nodeName":"If","nodeId":"0d46cec1-faac-4508-a535-0815de4725e5"}}
{"__type":"$$EventMessageConfirm","confirm":"ccd8ae7a-e1a4-4065-9401-c37687c14957","ts":"2026-08-20T18:52:17.819+01:00","source":{"id":"0","name":"eventBus"}}
{"__type":"$$EventMessageNode","id":"0c434368-11eb-40c3-8dfb-eb152d303d96","ts":"2026-08-20T18:52:17.822+01:00","eventName":"n8n.node.finished","message":"n8n.node.finished","payload":{"workflowId":"sqPlb2PxAzDya6CT","workflowName":"My workflow","executionId":"12","nodeType":"n8n-nodes-base.if","nodeName":"If","nodeId":"0d46cec1-faac-4508-a535-0815de4725e5"}}
{"__type":"$$EventMessageConfirm","confirm":"0c434368-11eb-40c3-8dfb-eb152d303d96","ts":"2026-08-20T18:52:17.823+01:00","source":{"id":"0","name":"eventBus"}}
{"__type":"$$EventMessageNode","id":"1070114b-520b-4275-a62a-e29d334f547d","ts":"2026-08-20T18:52:17.823+01:00","eventName":"n8n.node.started","message":"n8n.node.started","payload":{"workflowId":"sqPlb2PxAzDya6CT","workflowName":"My workflow","executionId":"12","nodeType":"n8n-nodes-base.discord","nodeName":"Discord","nodeId":"cb778d03-c76c-4cac-8d16-d3c7af27db12"}}
{"__type":"$$EventMessageConfirm","confirm":"1070114b-520b-4275-a62a-e29d334f547d","ts":"2026-08-20T18:52:17.823+01:00","source":{"id":"0","name":"eventBus"}}
{"__type":"$$EventMessageNode","id":"a278749e-c549-418c-9ce6-efef7aef77c2","ts":"2026-08-20T18:52:19.452+01:00","eventName":"n8n.node.finished","message":"n8n.node.finished","payload":{"workflowId":"sqPlb2PxAzDya6CT","workflowName":"My workflow","executionId":"12","nodeType":"n8n-nodes-base.discord","nodeName":"Discord","nodeId":"cb778d03-c76c-4cac-8d16-d3c7af27db12"}}
{"__type":"$$EventMessageConfirm","confirm":"a278749e-c549-418c-9ce6-efef7aef77c2","ts":"2026-08-20T18:52:19.452+01:00","source":{"id":"0","name":"eventBus"}}
{"__type":"$$EventMessageWorkflow","id":"0aec73fd-f3e8-45b6-8c2b-e8145eb45783","ts":"2026-08-20T18:52:19.452+01:00","eventName":"n8n.workflow.success","message":"n8n.workflow.success","payload":{"executionId":"12","success":true,"isManual":false,"mode":"webhook","workflowId":"sqPlb2PxAzDya6CT","workflowName":"My workflow","projectId":"g4FSmW9VUlxDCB5l","projectName":"Anas El Kartouti <elkartoutianas@gmail.com>"}}
{"__type":"$$EventMessageConfirm","confirm":"0aec73fd-f3e8-45b6-8c2b-e8145eb45783","ts":"2026-08-20T18:52:19.452+01:00","source":{"id":"0","name":"eventBus"}}
{"__type":"$$EventMessageAudit","id":"119fa25e-ba8e-41e1-90ff-ca5142c01d4e","ts":"2026-08-20T23:51:14.137+01:00","eventName":"n8n.audit.workflow.updated","message":"n8n.audit.workflow.updated","payload":{"userId":"c6ab0ce5-b390-4c09-936f-9c6b55ded8ff","_email":"elkartoutianas@gmail.com","_firstName":"Anas","_lastName":"El Kartouti","globalRole":"global:owner","workflowId":"sqPlb2PxAzDya6CT","workflowName":"My workflow"}}
{"__type":"$$EventMessageConfirm","confirm":"119fa25e-ba8e-41e1-90ff-ca5142c01d4e","ts":"2026-08-20T23:51:14.137+01:00","source":{"id":"0","name":"eventBus"}}
{"__type":"$$EventMessageAudit","id":"e8503ca5-9196-48ee-bb91-add4741ae65c","ts":"2026-08-20T23:51:51.644+01:00","eventName":"n8n.audit.workflow.updated","message":"n8n.audit.workflow.updated","payload":{"userId":"c6ab0ce5-b390-4c09-936f-9c6b55ded8ff","_email":"elkartoutianas@gmail.com","_firstName":"Anas","_lastName":"El Kartouti","globalRole":"global:owner","workflowId":"sqPlb2PxAzDya6CT","workflowName":"My workflow"}}
{"__type":"$$EventMessageConfirm","confirm":"e8503ca5-9196-48ee-bb91-add4741ae65c","ts":"2026-08-20T23:51:51.644+01:00","source":{"id":"0","name":"eventBus"}}
{"__type":"$$EventMessageAudit","id":"90f660cf-2f09-47ad-a9fa-d61799cefc83","ts":"2026-08-20T23:51:54.585+01:00","eventName":"n8n.audit.workflow.updated","message":"n8n.audit.workflow.updated","payload":{"userId":"c6ab0ce5-b390-4c09-936f-9c6b55ded8ff","_email":"elkartoutianas@gmail.com","_firstName":"Anas","_lastName":"El Kartouti","globalRole":"global:owner","workflowId":"sqPlb2PxAzDya6CT","workflowName":"My workflow"}}
{"__type":"$$EventMessageConfirm","confirm":"90f660cf-2f09-47ad-a9fa-d61799cefc83","ts":"2026-08-20T23:51:54.585+01:00","source":{"id":"0","name":"eventBus"}}
{"__type":"$$EventMessageAudit","id":"45445cf4-8023-426b-a8d5-0192e77f2cca","ts":"2026-08-20T23:51:58.112+01:00","eventName":"n8n.audit.workflow.updated","message":"n8n.audit.workflow.updated","payload":{"userId":"c6ab0ce5-b390-4c09-936f-9c6b55ded8ff","_email":"elkartoutianas@gmail.com","_firstName":"Anas","_lastName":"El Kartouti","globalRole":"global:owner","workflowId":"sqPlb2PxAzDya6CT","workflowName":"My workflow"}}
{"__type":"$$EventMessageConfirm","confirm":"45445cf4-8023-426b-a8d5-0192e77f2cca","ts":"2026-08-20T23:51:58.112+01:00","source":{"id":"0","name":"eventBus"}}
{"__type":"$$EventMessageAudit","id":"124db365-cdac-4960-b6ce-3be59a70fe0e","ts":"2026-08-20T23:52:00.040+01:00","eventName":"n8n.audit.workflow.updated","message":"n8n.audit.workflow.updated","payload":{"userId":"c6ab0ce5-b390-4c09-936f-9c6b55ded8ff","_email":"elkartoutianas@gmail.com","_firstName":"Anas","_lastName":"El Kartouti","globalRole":"global:owner","workflowId":"sqPlb2PxAzDya6CT","workflowName":"My workflow"}}
{"__type":"$$EventMessageConfirm","confirm":"124db365-cdac-4960-b6ce-3be59a70fe0e","ts":"2026-08-20T23:52:00.040+01:00","source":{"id":"0","name":"eventBus"}}
{"__type":"$$EventMessageAudit","id":"720fcfe1-dfb6-4840-96c5-2cbdf8346620","ts":"2026-08-20T23:52:01.756+01:00","eventName":"n8n.audit.workflow.updated","message":"n8n.audit.workflow.updated","payload":{"userId":"c6ab0ce5-b390-4c09-936f-9c6b55ded8ff","_email":"elkartoutianas@gmail.com","_firstName":"Anas","_lastName":"El Kartouti","globalRole":"global:owner","workflowId":"sqPlb2PxAzDya6CT","workflowName":"My workflow"}}
{"__type":"$$EventMessageConfirm","confirm":"720fcfe1-dfb6-4840-96c5-2cbdf8346620","ts":"2026-08-20T23:52:01.756+01:00","source":{"id":"0","name":"eventBus"}}
{"__type":"$$EventMessageAudit","id":"a0e071e2-1053-4816-8fdc-250b5809f5d7","ts":"2026-08-20T23:52:03.691+01:00","eventName":"n8n.audit.workflow.updated","message":"n8n.audit.workflow.updated","payload":{"userId":"c6ab0ce5-b390-4c09-936f-9c6b55ded8ff","_email":"elkartoutianas@gmail.com","_firstName":"Anas","_lastName":"El Kartouti","globalRole":"global:owner","workflowId":"sqPlb2PxAzDya6CT","workflowName":"My workflow"}}
{"__type":"$$EventMessageConfirm","confirm":"a0e071e2-1053-4816-8fdc-250b5809f5d7","ts":"2026-08-20T23:52:03.692+01:00","source":{"id":"0","name":"eventBus"}}
{"__type":"$$EventMessageAudit","id":"8a0569c7-15df-4574-806c-c00616bc43ba","ts":"2026-08-20T23:52:12.638+01:00","eventName":"n8n.audit.workflow.updated","message":"n8n.audit.workflow.updated","payload":{"userId":"c6ab0ce5-b390-4c09-936f-9c6b55ded8ff","_email":"elkartoutianas@gmail.com","_firstName":"Anas","_lastName":"El Kartouti","globalRole":"global:owner","workflowId":"sqPlb2PxAzDya6CT","workflowName":"My workflow"}}
{"__type":"$$EventMessageConfirm","confirm":"8a0569c7-15df-4574-806c-c00616bc43ba","ts":"2026-08-20T23:52:12.638+01:00","source":{"id":"0","name":"eventBus"}}
{"__type":"$$EventMessageAudit","id":"48a01398-df05-456e-89bf-74d460ff304e","ts":"2026-08-20T23:52:41.666+01:00","eventName":"n8n.audit.workflow.executed","message":"n8n.audit.workflow.executed","payload":{"workflowId":"sqPlb2PxAzDya6CT","workflowName":"My workflow","executionId":"13","projectId":"g4FSmW9VUlxDCB5l","projectName":"Anas El Kartouti <elkartoutianas@gmail.com>","source":"webhook"}}
{"__type":"$$EventMessageConfirm","confirm":"48a01398-df05-456e-89bf-74d460ff304e","ts":"2026-08-20T23:52:41.666+01:00","source":{"id":"0","name":"eventBus"}}
{"__type":"$$EventMessageWorkflow","id":"2567ef8d-78d5-485e-bd9d-7b22b1d535dd","ts":"2026-08-20T23:52:41.667+01:00","eventName":"n8n.workflow.started","message":"n8n.workflow.started","payload":{"executionId":"13","workflowId":"sqPlb2PxAzDya6CT","isManual":false,"mode":"webhook","workflowName":"My workflow","projectId":"g4FSmW9VUlxDCB5l","projectName":"Anas El Kartouti <elkartoutianas@gmail.com>"}}
{"__type":"$$EventMessageConfirm","confirm":"2567ef8d-78d5-485e-bd9d-7b22b1d535dd","ts":"2026-08-20T23:52:41.667+01:00","source":{"id":"0","name":"eventBus"}}
{"__type":"$$EventMessageNode","id":"1d29783d-6dae-4e1d-8548-25910359a26e","ts":"2026-08-20T23:52:41.668+01:00","eventName":"n8n.node.started","message":"n8n.node.started","payload":{"workflowId":"sqPlb2PxAzDya6CT","workflowName":"My workflow","executionId":"13","nodeType":"n8n-nodes-base.webhook","nodeName":"Webhook","nodeId":"99f8ee45-6c9f-439e-bae0-08bea028e5bd"}}
{"__type":"$$EventMessageConfirm","confirm":"1d29783d-6dae-4e1d-8548-25910359a26e","ts":"2026-08-20T23:52:41.668+01:00","source":{"id":"0","name":"eventBus"}}
{"__type":"$$EventMessageNode","id":"6cb4a8d9-242e-4731-be92-f2e105acc25c","ts":"2026-08-20T23:52:41.668+01:00","eventName":"n8n.node.finished","message":"n8n.node.finished","payload":{"workflowId":"sqPlb2PxAzDya6CT","workflowName":"My workflow","executionId":"13","nodeType":"n8n-nodes-base.webhook","nodeName":"Webhook","nodeId":"99f8ee45-6c9f-439e-bae0-08bea028e5bd"}}
{"__type":"$$EventMessageConfirm","confirm":"6cb4a8d9-242e-4731-be92-f2e105acc25c","ts":"2026-08-20T23:52:41.668+01:00","source":{"id":"0","name":"eventBus"}}
{"__type":"$$EventMessageNode","id":"4b2c8f0c-15d8-473e-aeca-6ac0ac56c2cc","ts":"2026-08-20T23:52:41.668+01:00","eventName":"n8n.node.started","message":"n8n.node.started","payload":{"workflowId":"sqPlb2PxAzDya6CT","workflowName":"My workflow","executionId":"13","nodeType":"n8n-nodes-base.httpRequest","nodeName":"Check AbuseIPDB","nodeId":"57f01d8e-4e62-428d-a95e-ef56a887142f"}}
{"__type":"$$EventMessageConfirm","confirm":"4b2c8f0c-15d8-473e-aeca-6ac0ac56c2cc","ts":"2026-08-20T23:52:41.668+01:00","source":{"id":"0","name":"eventBus"}}
{"__type":"$$EventMessageNode","id":"90172e29-ccfb-43ea-a98b-4674747bca84","ts":"2026-08-20T23:52:42.332+01:00","eventName":"n8n.node.finished","message":"n8n.node.finished","payload":{"workflowId":"sqPlb2PxAzDya6CT","workflowName":"My workflow","executionId":"13","nodeType":"n8n-nodes-base.httpRequest","nodeName":"Check AbuseIPDB","nodeId":"57f01d8e-4e62-428d-a95e-ef56a887142f"}}
{"__type":"$$EventMessageConfirm","confirm":"90172e29-ccfb-43ea-a98b-4674747bca84","ts":"2026-08-20T23:52:42.332+01:00","source":{"id":"0","name":"eventBus"}}
{"__type":"$$EventMessageNode","id":"31c90484-08de-4560-8427-e04682675073","ts":"2026-08-20T23:52:42.332+01:00","eventName":"n8n.node.started","message":"n8n.node.started","payload":{"workflowId":"sqPlb2PxAzDya6CT","workflowName":"My workflow","executionId":"13","nodeType":"n8n-nodes-base.httpRequest","nodeName":"Check VirusTotal","nodeId":"58188984-a686-4b11-998b-6bf9e5b907d7"}}
{"__type":"$$EventMessageConfirm","confirm":"31c90484-08de-4560-8427-e04682675073","ts":"2026-08-20T23:52:42.332+01:00","source":{"id":"0","name":"eventBus"}}
{"__type":"$$EventMessageNode","id":"e62fefd4-bf84-4585-9bd8-aef65ff265b2","ts":"2026-08-20T23:52:43.416+01:00","eventName":"n8n.node.finished","message":"n8n.node.finished","payload":{"workflowId":"sqPlb2PxAzDya6CT","workflowName":"My workflow","executionId":"13","nodeType":"n8n-nodes-base.httpRequest","nodeName":"Check VirusTotal","nodeId":"58188984-a686-4b11-998b-6bf9e5b907d7"}}
{"__type":"$$EventMessageConfirm","confirm":"e62fefd4-bf84-4585-9bd8-aef65ff265b2","ts":"2026-08-20T23:52:43.416+01:00","source":{"id":"0","name":"eventBus"}}
{"__type":"$$EventMessageNode","id":"05eb8eae-e3d2-4406-8d79-b8f707736399","ts":"2026-08-20T23:52:43.416+01:00","eventName":"n8n.node.started","message":"n8n.node.started","payload":{"workflowId":"sqPlb2PxAzDya6CT","workflowName":"My workflow","executionId":"13","nodeType":"n8n-nodes-base.merge","nodeName":"Merge","nodeId":"c0ae80f1-0bfe-4acf-98fa-3686933913df"}}
{"__type":"$$EventMessageConfirm","confirm":"05eb8eae-e3d2-4406-8d79-b8f707736399","ts":"2026-08-20T23:52:43.416+01:00","source":{"id":"0","name":"eventBus"}}
{"__type":"$$EventMessageNode","id":"3ca220d4-2ebd-469f-bb29-14381e258dce","ts":"2026-08-20T23:52:43.420+01:00","eventName":"n8n.node.finished","message":"n8n.node.finished","payload":{"workflowId":"sqPlb2PxAzDya6CT","workflowName":"My workflow","executionId":"13","nodeType":"n8n-nodes-base.merge","nodeName":"Merge","nodeId":"c0ae80f1-0bfe-4acf-98fa-3686933913df"}}
{"__type":"$$EventMessageConfirm","confirm":"3ca220d4-2ebd-469f-bb29-14381e258dce","ts":"2026-08-20T23:52:43.420+01:00","source":{"id":"0","name":"eventBus"}}
{"__type":"$$EventMessageNode","id":"5bc39568-1193-423a-b3c4-733eccdd527d","ts":"2026-08-20T23:52:43.420+01:00","eventName":"n8n.node.started","message":"n8n.node.started","payload":{"workflowId":"sqPlb2PxAzDya6CT","workflowName":"My workflow","executionId":"13","nodeType":"n8n-nodes-base.if","nodeName":"If","nodeId":"0d46cec1-faac-4508-a535-0815de4725e5"}}
{"__type":"$$EventMessageConfirm","confirm":"5bc39568-1193-423a-b3c4-733eccdd527d","ts":"2026-08-20T23:52:43.420+01:00","source":{"id":"0","name":"eventBus"}}
{"__type":"$$EventMessageNode","id":"9226ac00-dfdd-40f1-808b-aba1ff1e5ff0","ts":"2026-08-20T23:52:43.427+01:00","eventName":"n8n.node.finished","message":"n8n.node.finished","payload":{"workflowId":"sqPlb2PxAzDya6CT","workflowName":"My workflow","executionId":"13","nodeType":"n8n-nodes-base.if","nodeName":"If","nodeId":"0d46cec1-faac-4508-a535-0815de4725e5"}}
{"__type":"$$EventMessageConfirm","confirm":"9226ac00-dfdd-40f1-808b-aba1ff1e5ff0","ts":"2026-08-20T23:52:43.427+01:00","source":{"id":"0","name":"eventBus"}}
{"__type":"$$EventMessageNode","id":"e68eac82-8b33-402d-8089-e160f716fe5d","ts":"2026-08-20T23:52:43.427+01:00","eventName":"n8n.node.started","message":"n8n.node.started","payload":{"workflowId":"sqPlb2PxAzDya6CT","workflowName":"My workflow","executionId":"13","nodeType":"n8n-nodes-base.discord","nodeName":"Discord","nodeId":"cb778d03-c76c-4cac-8d16-d3c7af27db12"}}
{"__type":"$$EventMessageConfirm","confirm":"e68eac82-8b33-402d-8089-e160f716fe5d","ts":"2026-08-20T23:52:43.427+01:00","source":{"id":"0","name":"eventBus"}}
{"__type":"$$EventMessageNode","id":"1138eac2-5457-4a7c-87e0-440038eac193","ts":"2026-08-20T23:52:44.762+01:00","eventName":"n8n.node.finished","message":"n8n.node.finished","payload":{"workflowId":"sqPlb2PxAzDya6CT","workflowName":"My workflow","executionId":"13","nodeType":"n8n-nodes-base.discord","nodeName":"Discord","nodeId":"cb778d03-c76c-4cac-8d16-d3c7af27db12"}}
{"__type":"$$EventMessageConfirm","confirm":"1138eac2-5457-4a7c-87e0-440038eac193","ts":"2026-08-20T23:52:44.762+01:00","source":{"id":"0","name":"eventBus"}}
{"__type":"$$EventMessageWorkflow","id":"2147a227-7be9-4725-a0c4-3d24b9c0c6fc","ts":"2026-08-20T23:52:44.763+01:00","eventName":"n8n.workflow.success","message":"n8n.workflow.success","payload":{"executionId":"13","success":true,"isManual":false,"mode":"webhook","workflowId":"sqPlb2PxAzDya6CT","workflowName":"My workflow","projectId":"g4FSmW9VUlxDCB5l","projectName":"Anas El Kartouti <elkartoutianas@gmail.com>"}}
{"__type":"$$EventMessageConfirm","confirm":"2147a227-7be9-4725-a0c4-3d24b9c0c6fc","ts":"2026-08-20T23:52:44.763+01:00","source":{"id":"0","name":"eventBus"}}
{"__type":"$$EventMessageAudit","id":"128a93f0-14fe-45a7-a03a-7c200e2beaa3","ts":"2026-08-20T23:53:28.792+01:00","eventName":"n8n.audit.workflow.executed","message":"n8n.audit.workflow.executed","payload":{"workflowId":"sqPlb2PxAzDya6CT","workflowName":"My workflow","executionId":"14","projectId":"g4FSmW9VUlxDCB5l","projectName":"Anas El Kartouti <elkartoutianas@gmail.com>","source":"webhook"}}
{"__type":"$$EventMessageConfirm","confirm":"128a93f0-14fe-45a7-a03a-7c200e2beaa3","ts":"2026-08-20T23:53:28.792+01:00","source":{"id":"0","name":"eventBus"}}
{"__type":"$$EventMessageWorkflow","id":"9d851621-50b9-4c9e-8ecb-fc1be1aa9f9e","ts":"2026-08-20T23:53:28.792+01:00","eventName":"n8n.workflow.started","message":"n8n.workflow.started","payload":{"executionId":"14","workflowId":"sqPlb2PxAzDya6CT","isManual":false,"mode":"webhook","workflowName":"My workflow","projectId":"g4FSmW9VUlxDCB5l","projectName":"Anas El Kartouti <elkartoutianas@gmail.com>"}}
{"__type":"$$EventMessageConfirm","confirm":"9d851621-50b9-4c9e-8ecb-fc1be1aa9f9e","ts":"2026-08-20T23:53:28.792+01:00","source":{"id":"0","name":"eventBus"}}
{"__type":"$$EventMessageNode","id":"1c996214-a1df-4e89-8a97-1f992b4c4d86","ts":"2026-08-20T23:53:28.793+01:00","eventName":"n8n.node.started","message":"n8n.node.started","payload":{"workflowId":"sqPlb2PxAzDya6CT","workflowName":"My workflow","executionId":"14","nodeType":"n8n-nodes-base.webhook","nodeName":"Webhook","nodeId":"99f8ee45-6c9f-439e-bae0-08bea028e5bd"}}
{"__type":"$$EventMessageConfirm","confirm":"1c996214-a1df-4e89-8a97-1f992b4c4d86","ts":"2026-08-20T23:53:28.793+01:00","source":{"id":"0","name":"eventBus"}}
{"__type":"$$EventMessageNode","id":"b2ec230d-17e3-4814-967c-db5179e07a91","ts":"2026-08-20T23:53:28.794+01:00","eventName":"n8n.node.finished","message":"n8n.node.finished","payload":{"workflowId":"sqPlb2PxAzDya6CT","workflowName":"My workflow","executionId":"14","nodeType":"n8n-nodes-base.webhook","nodeName":"Webhook","nodeId":"99f8ee45-6c9f-439e-bae0-08bea028e5bd"}}
{"__type":"$$EventMessageConfirm","confirm":"b2ec230d-17e3-4814-967c-db5179e07a91","ts":"2026-08-20T23:53:28.794+01:00","source":{"id":"0","name":"eventBus"}}
{"__type":"$$EventMessageNode","id":"a5bc2b18-a609-4aff-867a-9f6878bbf65c","ts":"2026-08-20T23:53:28.794+01:00","eventName":"n8n.node.started","message":"n8n.node.started","payload":{"workflowId":"sqPlb2PxAzDya6CT","workflowName":"My workflow","executionId":"14","nodeType":"n8n-nodes-base.httpRequest","nodeName":"Check AbuseIPDB","nodeId":"57f01d8e-4e62-428d-a95e-ef56a887142f"}}
{"__type":"$$EventMessageConfirm","confirm":"a5bc2b18-a609-4aff-867a-9f6878bbf65c","ts":"2026-08-20T23:53:28.794+01:00","source":{"id":"0","name":"eventBus"}}
{"__type":"$$EventMessageNode","id":"7d3bf67d-69cf-4840-89c3-9194922385d2","ts":"2026-08-20T23:53:29.696+01:00","eventName":"n8n.node.finished","message":"n8n.node.finished","payload":{"workflowId":"sqPlb2PxAzDya6CT","workflowName":"My workflow","executionId":"14","nodeType":"n8n-nodes-base.httpRequest","nodeName":"Check AbuseIPDB","nodeId":"57f01d8e-4e62-428d-a95e-ef56a887142f"}}
{"__type":"$$EventMessageConfirm","confirm":"7d3bf67d-69cf-4840-89c3-9194922385d2","ts":"2026-08-20T23:53:29.697+01:00","source":{"id":"0","name":"eventBus"}}
{"__type":"$$EventMessageNode","id":"53d83c0a-0153-449a-86e0-631a18600498","ts":"2026-08-20T23:53:29.697+01:00","eventName":"n8n.node.started","message":"n8n.node.started","payload":{"workflowId":"sqPlb2PxAzDya6CT","workflowName":"My workflow","executionId":"14","nodeType":"n8n-nodes-base.httpRequest","nodeName":"Check VirusTotal","nodeId":"58188984-a686-4b11-998b-6bf9e5b907d7"}}
{"__type":"$$EventMessageConfirm","confirm":"53d83c0a-0153-449a-86e0-631a18600498","ts":"2026-08-20T23:53:29.697+01:00","source":{"id":"0","name":"eventBus"}}
{"__type":"$$EventMessageNode","id":"215d7345-8d51-4712-8474-ceba9d9aa0eb","ts":"2026-08-20T23:53:30.929+01:00","eventName":"n8n.node.finished","message":"n8n.node.finished","payload":{"workflowId":"sqPlb2PxAzDya6CT","workflowName":"My workflow","executionId":"14","nodeType":"n8n-nodes-base.httpRequest","nodeName":"Check VirusTotal","nodeId":"58188984-a686-4b11-998b-6bf9e5b907d7"}}
{"__type":"$$EventMessageConfirm","confirm":"215d7345-8d51-4712-8474-ceba9d9aa0eb","ts":"2026-08-20T23:53:30.930+01:00","source":{"id":"0","name":"eventBus"}}
{"__type":"$$EventMessageNode","id":"4a6ad2ec-05f1-4802-a7c3-87f35981d4ad","ts":"2026-08-20T23:53:30.930+01:00","eventName":"n8n.node.started","message":"n8n.node.started","payload":{"workflowId":"sqPlb2PxAzDya6CT","workflowName":"My workflow","executionId":"14","nodeType":"n8n-nodes-base.merge","nodeName":"Merge","nodeId":"c0ae80f1-0bfe-4acf-98fa-3686933913df"}}
{"__type":"$$EventMessageConfirm","confirm":"4a6ad2ec-05f1-4802-a7c3-87f35981d4ad","ts":"2026-08-20T23:53:30.930+01:00","source":{"id":"0","name":"eventBus"}}
{"__type":"$$EventMessageNode","id":"badfb85d-19ca-422c-a461-921842fa8167","ts":"2026-08-20T23:53:30.933+01:00","eventName":"n8n.node.finished","message":"n8n.node.finished","payload":{"workflowId":"sqPlb2PxAzDya6CT","workflowName":"My workflow","executionId":"14","nodeType":"n8n-nodes-base.merge","nodeName":"Merge","nodeId":"c0ae80f1-0bfe-4acf-98fa-3686933913df"}}
{"__type":"$$EventMessageConfirm","confirm":"badfb85d-19ca-422c-a461-921842fa8167","ts":"2026-08-20T23:53:30.933+01:00","source":{"id":"0","name":"eventBus"}}
{"__type":"$$EventMessageNode","id":"9fe613a2-1de2-4ff9-ad33-36839ec6ed50","ts":"2026-08-20T23:53:30.933+01:00","eventName":"n8n.node.started","message":"n8n.node.started","payload":{"workflowId":"sqPlb2PxAzDya6CT","workflowName":"My workflow","executionId":"14","nodeType":"n8n-nodes-base.if","nodeName":"If","nodeId":"0d46cec1-faac-4508-a535-0815de4725e5"}}
{"__type":"$$EventMessageConfirm","confirm":"9fe613a2-1de2-4ff9-ad33-36839ec6ed50","ts":"2026-08-20T23:53:30.933+01:00","source":{"id":"0","name":"eventBus"}}
{"__type":"$$EventMessageNode","id":"792ad789-02df-45cb-ab05-e9746a88a23f","ts":"2026-08-20T23:53:30.940+01:00","eventName":"n8n.node.finished","message":"n8n.node.finished","payload":{"workflowId":"sqPlb2PxAzDya6CT","workflowName":"My workflow","executionId":"14","nodeType":"n8n-nodes-base.if","nodeName":"If","nodeId":"0d46cec1-faac-4508-a535-0815de4725e5"}}
{"__type":"$$EventMessageConfirm","confirm":"792ad789-02df-45cb-ab05-e9746a88a23f","ts":"2026-08-20T23:53:30.940+01:00","source":{"id":"0","name":"eventBus"}}
{"__type":"$$EventMessageNode","id":"13d11816-cac6-4721-a575-91e68a496bfc","ts":"2026-08-20T23:53:30.940+01:00","eventName":"n8n.node.started","message":"n8n.node.started","payload":{"workflowId":"sqPlb2PxAzDya6CT","workflowName":"My workflow","executionId":"14","nodeType":"n8n-nodes-base.discord","nodeName":"Discord","nodeId":"cb778d03-c76c-4cac-8d16-d3c7af27db12"}}
{"__type":"$$EventMessageConfirm","confirm":"13d11816-cac6-4721-a575-91e68a496bfc","ts":"2026-08-20T23:53:30.940+01:00","source":{"id":"0","name":"eventBus"}}
{"__type":"$$EventMessageNode","id":"0b708902-ad4f-4821-a333-4c1f18ff703d","ts":"2026-08-20T23:53:32.192+01:00","eventName":"n8n.node.finished","message":"n8n.node.finished","payload":{"workflowId":"sqPlb2PxAzDya6CT","workflowName":"My workflow","executionId":"14","nodeType":"n8n-nodes-base.discord","nodeName":"Discord","nodeId":"cb778d03-c76c-4cac-8d16-d3c7af27db12"}}
{"__type":"$$EventMessageConfirm","confirm":"0b708902-ad4f-4821-a333-4c1f18ff703d","ts":"2026-08-20T23:53:32.192+01:00","source":{"id":"0","name":"eventBus"}}
{"__type":"$$EventMessageWorkflow","id":"8f8f8dff-72f3-471e-b7d6-c1645b629c0f","ts":"2026-08-20T23:53:32.193+01:00","eventName":"n8n.workflow.success","message":"n8n.workflow.success","payload":{"executionId":"14","success":true,"isManual":false,"mode":"webhook","workflowId":"sqPlb2PxAzDya6CT","workflowName":"My workflow","projectId":"g4FSmW9VUlxDCB5l","projectName":"Anas El Kartouti <elkartoutianas@gmail.com>"}}
{"__type":"$$EventMessageConfirm","confirm":"8f8f8dff-72f3-471e-b7d6-c1645b629c0f","ts":"2026-08-20T23:53:32.193+01:00","source":{"id":"0","name":"eventBus"}}
{"__type":"$$EventMessageAudit","id":"ab72590c-b27f-4cf6-bc98-a12da786379b","ts":"2026-08-20T23:56:28.102+01:00","eventName":"n8n.audit.workflow.updated","message":"n8n.audit.workflow.updated","payload":{"userId":"c6ab0ce5-b390-4c09-936f-9c6b55ded8ff","_email":"elkartoutianas@gmail.com","_firstName":"Anas","_lastName":"El Kartouti","globalRole":"global:owner","workflowId":"sqPlb2PxAzDya6CT","workflowName":"My workflow"}}
{"__type":"$$EventMessageConfirm","confirm":"ab72590c-b27f-4cf6-bc98-a12da786379b","ts":"2026-08-20T23:56:28.102+01:00","source":{"id":"0","name":"eventBus"}}
{"__type":"$$EventMessageAudit","id":"73833205-4199-4494-a334-57f8c2c1cdbe","ts":"2026-08-20T23:57:14.467+01:00","eventName":"n8n.audit.workflow.updated","message":"n8n.audit.workflow.updated","payload":{"userId":"c6ab0ce5-b390-4c09-936f-9c6b55ded8ff","_email":"elkartoutianas@gmail.com","_firstName":"Anas","_lastName":"El Kartouti","globalRole":"global:owner","workflowId":"sqPlb2PxAzDya6CT","workflowName":"My workflow"}}
{"__type":"$$EventMessageConfirm","confirm":"73833205-4199-4494-a334-57f8c2c1cdbe","ts":"2026-08-20T23:57:14.468+01:00","source":{"id":"0","name":"eventBus"}}
{"__type":"$$EventMessageAudit","id":"e0b95134-1c4e-4f2d-9576-5bb6c7abb3b7","ts":"2026-08-20T23:57:38.101+01:00","eventName":"n8n.audit.workflow.deactivated","message":"n8n.audit.workflow.deactivated","payload":{"userId":"c6ab0ce5-b390-4c09-936f-9c6b55ded8ff","_email":"elkartoutianas@gmail.com","_firstName":"Anas","_lastName":"El Kartouti","globalRole":"global:owner","workflowId":"sqPlb2PxAzDya6CT","workflowName":"My workflow","deactivatedVersionId":"8e6b50d8-7c34-4c1f-8faf-9797d662aa61"}}
{"__type":"$$EventMessageConfirm","confirm":"e0b95134-1c4e-4f2d-9576-5bb6c7abb3b7","ts":"2026-08-20T23:57:38.101+01:00","source":{"id":"0","name":"eventBus"}}
{"__type":"$$EventMessageAudit","id":"a4419185-18ae-48bb-8598-9a59654ac953","ts":"2026-08-20T23:57:38.139+01:00","eventName":"n8n.audit.workflow.activated","message":"n8n.audit.workflow.activated","payload":{"userId":"c6ab0ce5-b390-4c09-936f-9c6b55ded8ff","_email":"elkartoutianas@gmail.com","_firstName":"Anas","_lastName":"El Kartouti","globalRole":"global:owner","workflowId":"sqPlb2PxAzDya6CT","workflowName":"My workflow","activeVersionId":"efc10a03-0495-43a9-8b54-ac2c5d98fd36"}}
{"__type":"$$EventMessageConfirm","confirm":"a4419185-18ae-48bb-8598-9a59654ac953","ts":"2026-08-20T23:57:38.139+01:00","source":{"id":"0","name":"eventBus"}}
{"__type":"$$EventMessageAudit","id":"60f9fe10-a689-4a4c-92f7-ad0c7b211bd6","ts":"2026-08-20T23:58:00.639+01:00","eventName":"n8n.audit.workflow.executed","message":"n8n.audit.workflow.executed","payload":{"workflowId":"sqPlb2PxAzDya6CT","workflowName":"My workflow","executionId":"15","projectId":"g4FSmW9VUlxDCB5l","projectName":"Anas El Kartouti <elkartoutianas@gmail.com>","source":"webhook"}}
{"__type":"$$EventMessageConfirm","confirm":"60f9fe10-a689-4a4c-92f7-ad0c7b211bd6","ts":"2026-08-20T23:58:00.639+01:00","source":{"id":"0","name":"eventBus"}}
{"__type":"$$EventMessageWorkflow","id":"461120e1-ae69-4f93-b8c0-5d27be59bcf3","ts":"2026-08-20T23:58:00.640+01:00","eventName":"n8n.workflow.started","message":"n8n.workflow.started","payload":{"executionId":"15","workflowId":"sqPlb2PxAzDya6CT","isManual":false,"mode":"webhook","workflowName":"My workflow","projectId":"g4FSmW9VUlxDCB5l","projectName":"Anas El Kartouti <elkartoutianas@gmail.com>"}}
{"__type":"$$EventMessageConfirm","confirm":"461120e1-ae69-4f93-b8c0-5d27be59bcf3","ts":"2026-08-20T23:58:00.640+01:00","source":{"id":"0","name":"eventBus"}}
{"__type":"$$EventMessageNode","id":"fb3be28f-b4b2-4851-ab81-1613b0bc8cb7","ts":"2026-08-20T23:58:00.640+01:00","eventName":"n8n.node.started","message":"n8n.node.started","payload":{"workflowId":"sqPlb2PxAzDya6CT","workflowName":"My workflow","executionId":"15","nodeType":"n8n-nodes-base.webhook","nodeName":"Webhook","nodeId":"99f8ee45-6c9f-439e-bae0-08bea028e5bd"}}
{"__type":"$$EventMessageConfirm","confirm":"fb3be28f-b4b2-4851-ab81-1613b0bc8cb7","ts":"2026-08-20T23:58:00.640+01:00","source":{"id":"0","name":"eventBus"}}
{"__type":"$$EventMessageNode","id":"9c70b4d5-6d7f-4c0e-b659-ef234ced1045","ts":"2026-08-20T23:58:00.641+01:00","eventName":"n8n.node.finished","message":"n8n.node.finished","payload":{"workflowId":"sqPlb2PxAzDya6CT","workflowName":"My workflow","executionId":"15","nodeType":"n8n-nodes-base.webhook","nodeName":"Webhook","nodeId":"99f8ee45-6c9f-439e-bae0-08bea028e5bd"}}
{"__type":"$$EventMessageConfirm","confirm":"9c70b4d5-6d7f-4c0e-b659-ef234ced1045","ts":"2026-08-20T23:58:00.641+01:00","source":{"id":"0","name":"eventBus"}}
{"__type":"$$EventMessageNode","id":"df2a2342-5431-494e-b8a3-5eafaa12a008","ts":"2026-08-20T23:58:00.641+01:00","eventName":"n8n.node.started","message":"n8n.node.started","payload":{"workflowId":"sqPlb2PxAzDya6CT","workflowName":"My workflow","executionId":"15","nodeType":"n8n-nodes-base.httpRequest","nodeName":"Check AbuseIPDB","nodeId":"57f01d8e-4e62-428d-a95e-ef56a887142f"}}
{"__type":"$$EventMessageConfirm","confirm":"df2a2342-5431-494e-b8a3-5eafaa12a008","ts":"2026-08-20T23:58:00.641+01:00","source":{"id":"0","name":"eventBus"}}
{"__type":"$$EventMessageNode","id":"5ecce0cb-e324-4099-ba69-eb8fcf208275","ts":"2026-08-20T23:58:01.264+01:00","eventName":"n8n.node.finished","message":"n8n.node.finished","payload":{"workflowId":"sqPlb2PxAzDya6CT","workflowName":"My workflow","executionId":"15","nodeType":"n8n-nodes-base.httpRequest","nodeName":"Check AbuseIPDB","nodeId":"57f01d8e-4e62-428d-a95e-ef56a887142f"}}
{"__type":"$$EventMessageConfirm","confirm":"5ecce0cb-e324-4099-ba69-eb8fcf208275","ts":"2026-08-20T23:58:01.265+01:00","source":{"id":"0","name":"eventBus"}}
{"__type":"$$EventMessageNode","id":"2c61a6bb-b2f5-4eb8-825e-5f3a8c2dd501","ts":"2026-08-20T23:58:01.265+01:00","eventName":"n8n.node.started","message":"n8n.node.started","payload":{"workflowId":"sqPlb2PxAzDya6CT","workflowName":"My workflow","executionId":"15","nodeType":"n8n-nodes-base.httpRequest","nodeName":"Check VirusTotal","nodeId":"58188984-a686-4b11-998b-6bf9e5b907d7"}}
{"__type":"$$EventMessageConfirm","confirm":"2c61a6bb-b2f5-4eb8-825e-5f3a8c2dd501","ts":"2026-08-20T23:58:01.265+01:00","source":{"id":"0","name":"eventBus"}}
{"__type":"$$EventMessageNode","id":"78e205ce-c901-49c5-a8b0-30fcd6a66f9d","ts":"2026-08-20T23:58:02.377+01:00","eventName":"n8n.node.finished","message":"n8n.node.finished","payload":{"workflowId":"sqPlb2PxAzDya6CT","workflowName":"My workflow","executionId":"15","nodeType":"n8n-nodes-base.httpRequest","nodeName":"Check VirusTotal","nodeId":"58188984-a686-4b11-998b-6bf9e5b907d7"}}
{"__type":"$$EventMessageConfirm","confirm":"78e205ce-c901-49c5-a8b0-30fcd6a66f9d","ts":"2026-08-20T23:58:02.377+01:00","source":{"id":"0","name":"eventBus"}}
{"__type":"$$EventMessageNode","id":"f3603f5e-b009-415a-895f-a9759cbcbca2","ts":"2026-08-20T23:58:02.377+01:00","eventName":"n8n.node.started","message":"n8n.node.started","payload":{"workflowId":"sqPlb2PxAzDya6CT","workflowName":"My workflow","executionId":"15","nodeType":"n8n-nodes-base.merge","nodeName":"Merge","nodeId":"c0ae80f1-0bfe-4acf-98fa-3686933913df"}}
{"__type":"$$EventMessageConfirm","confirm":"f3603f5e-b009-415a-895f-a9759cbcbca2","ts":"2026-08-20T23:58:02.377+01:00","source":{"id":"0","name":"eventBus"}}
{"__type":"$$EventMessageNode","id":"e00b8442-1590-487e-8914-774cf3eef796","ts":"2026-08-20T23:58:02.386+01:00","eventName":"n8n.node.finished","message":"n8n.node.finished","payload":{"workflowId":"sqPlb2PxAzDya6CT","workflowName":"My workflow","executionId":"15","nodeType":"n8n-nodes-base.merge","nodeName":"Merge","nodeId":"c0ae80f1-0bfe-4acf-98fa-3686933913df"}}
{"__type":"$$EventMessageConfirm","confirm":"e00b8442-1590-487e-8914-774cf3eef796","ts":"2026-08-20T23:58:02.386+01:00","source":{"id":"0","name":"eventBus"}}
{"__type":"$$EventMessageNode","id":"20c8c324-c0ea-4049-8be9-ca5f3c39ade2","ts":"2026-08-20T23:58:02.386+01:00","eventName":"n8n.node.started","message":"n8n.node.started","payload":{"workflowId":"sqPlb2PxAzDya6CT","workflowName":"My workflow","executionId":"15","nodeType":"n8n-nodes-base.limit","nodeName":"Limit","nodeId":"630302bb-0de4-4e38-9525-53bb530ad755"}}
{"__type":"$$EventMessageConfirm","confirm":"20c8c324-c0ea-4049-8be9-ca5f3c39ade2","ts":"2026-08-20T23:58:02.386+01:00","source":{"id":"0","name":"eventBus"}}
{"__type":"$$EventMessageNode","id":"2823449a-2a7b-4eb1-ac84-d06c89873adc","ts":"2026-08-20T23:58:02.387+01:00","eventName":"n8n.node.finished","message":"n8n.node.finished","payload":{"workflowId":"sqPlb2PxAzDya6CT","workflowName":"My workflow","executionId":"15","nodeType":"n8n-nodes-base.limit","nodeName":"Limit","nodeId":"630302bb-0de4-4e38-9525-53bb530ad755"}}
{"__type":"$$EventMessageConfirm","confirm":"2823449a-2a7b-4eb1-ac84-d06c89873adc","ts":"2026-08-20T23:58:02.387+01:00","source":{"id":"0","name":"eventBus"}}
{"__type":"$$EventMessageNode","id":"239c920a-619f-4cfc-80db-83d98e0991ba","ts":"2026-08-20T23:58:02.387+01:00","eventName":"n8n.node.started","message":"n8n.node.started","payload":{"workflowId":"sqPlb2PxAzDya6CT","workflowName":"My workflow","executionId":"15","nodeType":"n8n-nodes-base.if","nodeName":"If","nodeId":"0d46cec1-faac-4508-a535-0815de4725e5"}}
{"__type":"$$EventMessageConfirm","confirm":"239c920a-619f-4cfc-80db-83d98e0991ba","ts":"2026-08-20T23:58:02.387+01:00","source":{"id":"0","name":"eventBus"}}
{"__type":"$$EventMessageNode","id":"7860a6a1-a0d4-4108-a40b-cf3533eb6ef0","ts":"2026-08-20T23:58:02.391+01:00","eventName":"n8n.node.finished","message":"n8n.node.finished","payload":{"workflowId":"sqPlb2PxAzDya6CT","workflowName":"My workflow","executionId":"15","nodeType":"n8n-nodes-base.if","nodeName":"If","nodeId":"0d46cec1-faac-4508-a535-0815de4725e5"}}
{"__type":"$$EventMessageConfirm","confirm":"7860a6a1-a0d4-4108-a40b-cf3533eb6ef0","ts":"2026-08-20T23:58:02.391+01:00","source":{"id":"0","name":"eventBus"}}
{"__type":"$$EventMessageNode","id":"c1911e89-605b-4157-a420-ce09b59dfa13","ts":"2026-08-20T23:58:02.391+01:00","eventName":"n8n.node.started","message":"n8n.node.started","payload":{"workflowId":"sqPlb2PxAzDya6CT","workflowName":"My workflow","executionId":"15","nodeType":"n8n-nodes-base.discord","nodeName":"Discord","nodeId":"cb778d03-c76c-4cac-8d16-d3c7af27db12"}}
{"__type":"$$EventMessageConfirm","confirm":"c1911e89-605b-4157-a420-ce09b59dfa13","ts":"2026-08-20T23:58:02.392+01:00","source":{"id":"0","name":"eventBus"}}
{"__type":"$$EventMessageNode","id":"62cce276-39fa-40bc-b54e-e7ce7c74f39a","ts":"2026-08-20T23:58:03.483+01:00","eventName":"n8n.node.finished","message":"n8n.node.finished","payload":{"workflowId":"sqPlb2PxAzDya6CT","workflowName":"My workflow","executionId":"15","nodeType":"n8n-nodes-base.discord","nodeName":"Discord","nodeId":"cb778d03-c76c-4cac-8d16-d3c7af27db12"}}
{"__type":"$$EventMessageConfirm","confirm":"62cce276-39fa-40bc-b54e-e7ce7c74f39a","ts":"2026-08-20T23:58:03.483+01:00","source":{"id":"0","name":"eventBus"}}
{"__type":"$$EventMessageWorkflow","id":"3db9d649-c051-44a5-8f14-00fe2d075101","ts":"2026-08-20T23:58:03.484+01:00","eventName":"n8n.workflow.success","message":"n8n.workflow.success","payload":{"executionId":"15","success":true,"isManual":false,"mode":"webhook","workflowId":"sqPlb2PxAzDya6CT","workflowName":"My workflow","projectId":"g4FSmW9VUlxDCB5l","projectName":"Anas El Kartouti <elkartoutianas@gmail.com>"}}
{"__type":"$$EventMessageConfirm","confirm":"3db9d649-c051-44a5-8f14-00fe2d075101","ts":"2026-08-20T23:58:03.484+01:00","source":{"id":"0","name":"eventBus"}}
{"__type":"$$EventMessageAudit","id":"f5ce8fcd-24f9-4f85-9cd5-c2d133f4c504","ts":"2026-08-20T23:58:25.743+01:00","eventName":"n8n.audit.workflow.executed","message":"n8n.audit.workflow.executed","payload":{"workflowId":"sqPlb2PxAzDya6CT","workflowName":"My workflow","executionId":"16","projectId":"g4FSmW9VUlxDCB5l","projectName":"Anas El Kartouti <elkartoutianas@gmail.com>","source":"webhook"}}
{"__type":"$$EventMessageConfirm","confirm":"f5ce8fcd-24f9-4f85-9cd5-c2d133f4c504","ts":"2026-08-20T23:58:25.743+01:00","source":{"id":"0","name":"eventBus"}}
{"__type":"$$EventMessageWorkflow","id":"28662d93-0d82-4f11-835c-5ad6963e2b22","ts":"2026-08-20T23:58:25.744+01:00","eventName":"n8n.workflow.started","message":"n8n.workflow.started","payload":{"executionId":"16","workflowId":"sqPlb2PxAzDya6CT","isManual":false,"mode":"webhook","workflowName":"My workflow","projectId":"g4FSmW9VUlxDCB5l","projectName":"Anas El Kartouti <elkartoutianas@gmail.com>"}}
{"__type":"$$EventMessageConfirm","confirm":"28662d93-0d82-4f11-835c-5ad6963e2b22","ts":"2026-08-20T23:58:25.744+01:00","source":{"id":"0","name":"eventBus"}}
{"__type":"$$EventMessageNode","id":"c8de295a-24aa-42de-9292-b321fc036a0a","ts":"2026-08-20T23:58:25.744+01:00","eventName":"n8n.node.started","message":"n8n.node.started","payload":{"workflowId":"sqPlb2PxAzDya6CT","workflowName":"My workflow","executionId":"16","nodeType":"n8n-nodes-base.webhook","nodeName":"Webhook","nodeId":"99f8ee45-6c9f-439e-bae0-08bea028e5bd"}}
{"__type":"$$EventMessageConfirm","confirm":"c8de295a-24aa-42de-9292-b321fc036a0a","ts":"2026-08-20T23:58:25.745+01:00","source":{"id":"0","name":"eventBus"}}
{"__type":"$$EventMessageNode","id":"fb993efc-66b3-4ee8-a481-d71fb58d9bd9","ts":"2026-08-20T23:58:25.745+01:00","eventName":"n8n.node.finished","message":"n8n.node.finished","payload":{"workflowId":"sqPlb2PxAzDya6CT","workflowName":"My workflow","executionId":"16","nodeType":"n8n-nodes-base.webhook","nodeName":"Webhook","nodeId":"99f8ee45-6c9f-439e-bae0-08bea028e5bd"}}
{"__type":"$$EventMessageConfirm","confirm":"fb993efc-66b3-4ee8-a481-d71fb58d9bd9","ts":"2026-08-20T23:58:25.745+01:00","source":{"id":"0","name":"eventBus"}}
{"__type":"$$EventMessageNode","id":"8cff8c18-43b4-4663-be0e-29b7e199c34d","ts":"2026-08-20T23:58:25.745+01:00","eventName":"n8n.node.started","message":"n8n.node.started","payload":{"workflowId":"sqPlb2PxAzDya6CT","workflowName":"My workflow","executionId":"16","nodeType":"n8n-nodes-base.httpRequest","nodeName":"Check AbuseIPDB","nodeId":"57f01d8e-4e62-428d-a95e-ef56a887142f"}}
{"__type":"$$EventMessageConfirm","confirm":"8cff8c18-43b4-4663-be0e-29b7e199c34d","ts":"2026-08-20T23:58:25.745+01:00","source":{"id":"0","name":"eventBus"}}
{"__type":"$$EventMessageNode","id":"38b3786f-f16c-4eab-a442-c3209f0609f3","ts":"2026-08-20T23:58:26.167+01:00","eventName":"n8n.node.finished","message":"n8n.node.finished","payload":{"workflowId":"sqPlb2PxAzDya6CT","workflowName":"My workflow","executionId":"16","nodeType":"n8n-nodes-base.httpRequest","nodeName":"Check AbuseIPDB","nodeId":"57f01d8e-4e62-428d-a95e-ef56a887142f"}}
{"__type":"$$EventMessageConfirm","confirm":"38b3786f-f16c-4eab-a442-c3209f0609f3","ts":"2026-08-20T23:58:26.167+01:00","source":{"id":"0","name":"eventBus"}}
{"__type":"$$EventMessageNode","id":"2a12a194-97a4-4bd5-a263-914965dbd464","ts":"2026-08-20T23:58:26.167+01:00","eventName":"n8n.node.started","message":"n8n.node.started","payload":{"workflowId":"sqPlb2PxAzDya6CT","workflowName":"My workflow","executionId":"16","nodeType":"n8n-nodes-base.httpRequest","nodeName":"Check VirusTotal","nodeId":"58188984-a686-4b11-998b-6bf9e5b907d7"}}
{"__type":"$$EventMessageConfirm","confirm":"2a12a194-97a4-4bd5-a263-914965dbd464","ts":"2026-08-20T23:58:26.167+01:00","source":{"id":"0","name":"eventBus"}}
{"__type":"$$EventMessageNode","id":"49d38530-3cbf-4c0d-a1d5-ba7a9783d642","ts":"2026-08-20T23:58:26.861+01:00","eventName":"n8n.node.finished","message":"n8n.node.finished","payload":{"workflowId":"sqPlb2PxAzDya6CT","workflowName":"My workflow","executionId":"16","nodeType":"n8n-nodes-base.httpRequest","nodeName":"Check VirusTotal","nodeId":"58188984-a686-4b11-998b-6bf9e5b907d7"}}
{"__type":"$$EventMessageConfirm","confirm":"49d38530-3cbf-4c0d-a1d5-ba7a9783d642","ts":"2026-08-20T23:58:26.861+01:00","source":{"id":"0","name":"eventBus"}}
{"__type":"$$EventMessageNode","id":"8e3abdfa-7297-4d4e-8fbe-92e55751d9de","ts":"2026-08-20T23:58:26.861+01:00","eventName":"n8n.node.started","message":"n8n.node.started","payload":{"workflowId":"sqPlb2PxAzDya6CT","workflowName":"My workflow","executionId":"16","nodeType":"n8n-nodes-base.merge","nodeName":"Merge","nodeId":"c0ae80f1-0bfe-4acf-98fa-3686933913df"}}
{"__type":"$$EventMessageConfirm","confirm":"8e3abdfa-7297-4d4e-8fbe-92e55751d9de","ts":"2026-08-20T23:58:26.861+01:00","source":{"id":"0","name":"eventBus"}}
{"__type":"$$EventMessageNode","id":"af1a655c-f0ef-4d8c-9e7f-182d9820e7f1","ts":"2026-08-20T23:58:26.867+01:00","eventName":"n8n.node.finished","message":"n8n.node.finished","payload":{"workflowId":"sqPlb2PxAzDya6CT","workflowName":"My workflow","executionId":"16","nodeType":"n8n-nodes-base.merge","nodeName":"Merge","nodeId":"c0ae80f1-0bfe-4acf-98fa-3686933913df"}}
{"__type":"$$EventMessageConfirm","confirm":"af1a655c-f0ef-4d8c-9e7f-182d9820e7f1","ts":"2026-08-20T23:58:26.867+01:00","source":{"id":"0","name":"eventBus"}}
{"__type":"$$EventMessageNode","id":"e3f25825-2bba-4c7a-9325-23d0018ff40f","ts":"2026-08-20T23:58:26.868+01:00","eventName":"n8n.node.started","message":"n8n.node.started","payload":{"workflowId":"sqPlb2PxAzDya6CT","workflowName":"My workflow","executionId":"16","nodeType":"n8n-nodes-base.limit","nodeName":"Limit","nodeId":"630302bb-0de4-4e38-9525-53bb530ad755"}}
{"__type":"$$EventMessageConfirm","confirm":"e3f25825-2bba-4c7a-9325-23d0018ff40f","ts":"2026-08-20T23:58:26.868+01:00","source":{"id":"0","name":"eventBus"}}
{"__type":"$$EventMessageNode","id":"b1783e7f-07f6-4f94-bdab-b1e65710c43a","ts":"2026-08-20T23:58:26.868+01:00","eventName":"n8n.node.finished","message":"n8n.node.finished","payload":{"workflowId":"sqPlb2PxAzDya6CT","workflowName":"My workflow","executionId":"16","nodeType":"n8n-nodes-base.limit","nodeName":"Limit","nodeId":"630302bb-0de4-4e38-9525-53bb530ad755"}}
{"__type":"$$EventMessageConfirm","confirm":"b1783e7f-07f6-4f94-bdab-b1e65710c43a","ts":"2026-08-20T23:58:26.868+01:00","source":{"id":"0","name":"eventBus"}}
{"__type":"$$EventMessageNode","id":"90822c1c-c370-4c03-b63a-b1eaeb8ecaf8","ts":"2026-08-20T23:58:26.868+01:00","eventName":"n8n.node.started","message":"n8n.node.started","payload":{"workflowId":"sqPlb2PxAzDya6CT","workflowName":"My workflow","executionId":"16","nodeType":"n8n-nodes-base.if","nodeName":"If","nodeId":"0d46cec1-faac-4508-a535-0815de4725e5"}}
{"__type":"$$EventMessageConfirm","confirm":"90822c1c-c370-4c03-b63a-b1eaeb8ecaf8","ts":"2026-08-20T23:58:26.868+01:00","source":{"id":"0","name":"eventBus"}}
{"__type":"$$EventMessageNode","id":"09fdb0e2-088f-4664-90b8-d7a7271d8379","ts":"2026-08-20T23:58:26.872+01:00","eventName":"n8n.node.finished","message":"n8n.node.finished","payload":{"workflowId":"sqPlb2PxAzDya6CT","workflowName":"My workflow","executionId":"16","nodeType":"n8n-nodes-base.if","nodeName":"If","nodeId":"0d46cec1-faac-4508-a535-0815de4725e5"}}
{"__type":"$$EventMessageConfirm","confirm":"09fdb0e2-088f-4664-90b8-d7a7271d8379","ts":"2026-08-20T23:58:26.872+01:00","source":{"id":"0","name":"eventBus"}}
{"__type":"$$EventMessageNode","id":"db6a5d7f-a796-490b-a8a1-5ca170271313","ts":"2026-08-20T23:58:26.872+01:00","eventName":"n8n.node.started","message":"n8n.node.started","payload":{"workflowId":"sqPlb2PxAzDya6CT","workflowName":"My workflow","executionId":"16","nodeType":"n8n-nodes-base.discord","nodeName":"Discord","nodeId":"cb778d03-c76c-4cac-8d16-d3c7af27db12"}}
{"__type":"$$EventMessageConfirm","confirm":"db6a5d7f-a796-490b-a8a1-5ca170271313","ts":"2026-08-20T23:58:26.872+01:00","source":{"id":"0","name":"eventBus"}}
{"__type":"$$EventMessageNode","id":"28213598-d4ee-4a14-9537-ec740b744b42","ts":"2026-08-20T23:58:28.119+01:00","eventName":"n8n.node.finished","message":"n8n.node.finished","payload":{"workflowId":"sqPlb2PxAzDya6CT","workflowName":"My workflow","executionId":"16","nodeType":"n8n-nodes-base.discord","nodeName":"Discord","nodeId":"cb778d03-c76c-4cac-8d16-d3c7af27db12"}}
{"__type":"$$EventMessageConfirm","confirm":"28213598-d4ee-4a14-9537-ec740b744b42","ts":"2026-08-20T23:58:28.120+01:00","source":{"id":"0","name":"eventBus"}}
{"__type":"$$EventMessageWorkflow","id":"6658a6c0-1ed0-4996-a509-8f5cf30a81f8","ts":"2026-08-20T23:58:28.120+01:00","eventName":"n8n.workflow.success","message":"n8n.workflow.success","payload":{"executionId":"16","success":true,"isManual":false,"mode":"webhook","workflowId":"sqPlb2PxAzDya6CT","workflowName":"My workflow","projectId":"g4FSmW9VUlxDCB5l","projectName":"Anas El Kartouti <elkartoutianas@gmail.com>"}}
{"__type":"$$EventMessageConfirm","confirm":"6658a6c0-1ed0-4996-a509-8f5cf30a81f8","ts":"2026-08-20T23:58:28.120+01:00","source":{"id":"0","name":"eventBus"}}
{"__type":"$$EventMessageAudit","id":"33ce1805-894a-4e88-baa3-49d2281950e4","ts":"2026-08-21T00:01:15.224+01:00","eventName":"n8n.audit.workflow.updated","message":"n8n.audit.workflow.updated","payload":{"userId":"c6ab0ce5-b390-4c09-936f-9c6b55ded8ff","_email":"elkartoutianas@gmail.com","_firstName":"Anas","_lastName":"El Kartouti","globalRole":"global:owner","workflowId":"sqPlb2PxAzDya6CT","workflowName":"My workflow"}}
{"__type":"$$EventMessageConfirm","confirm":"33ce1805-894a-4e88-baa3-49d2281950e4","ts":"2026-08-21T00:01:15.224+01:00","source":{"id":"0","name":"eventBus"}}
{"__type":"$$EventMessageAudit","id":"aef18a7e-11e2-45e7-9e01-dfe4c715b612","ts":"2026-08-21T00:01:22.190+01:00","eventName":"n8n.audit.workflow.updated","message":"n8n.audit.workflow.updated","payload":{"userId":"c6ab0ce5-b390-4c09-936f-9c6b55ded8ff","_email":"elkartoutianas@gmail.com","_firstName":"Anas","_lastName":"El Kartouti","globalRole":"global:owner","workflowId":"sqPlb2PxAzDya6CT","workflowName":"My workflow"}}
{"__type":"$$EventMessageConfirm","confirm":"aef18a7e-11e2-45e7-9e01-dfe4c715b612","ts":"2026-08-21T00:01:22.190+01:00","source":{"id":"0","name":"eventBus"}}
{"__type":"$$EventMessageAudit","id":"781ba9a9-3c90-41d5-b01d-708a48d07689","ts":"2026-08-21T00:01:24.916+01:00","eventName":"n8n.audit.workflow.updated","message":"n8n.audit.workflow.updated","payload":{"userId":"c6ab0ce5-b390-4c09-936f-9c6b55ded8ff","_email":"elkartoutianas@gmail.com","_firstName":"Anas","_lastName":"El Kartouti","globalRole":"global:owner","workflowId":"sqPlb2PxAzDya6CT","workflowName":"My workflow"}}
{"__type":"$$EventMessageConfirm","confirm":"781ba9a9-3c90-41d5-b01d-708a48d07689","ts":"2026-08-21T00:01:24.917+01:00","source":{"id":"0","name":"eventBus"}}
{"__type":"$$EventMessageAudit","id":"7e64e4ba-42cf-42c0-9617-c5f5a50464d6","ts":"2026-08-21T00:01:29.129+01:00","eventName":"n8n.audit.workflow.updated","message":"n8n.audit.workflow.updated","payload":{"userId":"c6ab0ce5-b390-4c09-936f-9c6b55ded8ff","_email":"elkartoutianas@gmail.com","_firstName":"Anas","_lastName":"El Kartouti","globalRole":"global:owner","workflowId":"sqPlb2PxAzDya6CT","workflowName":"My workflow"}}
{"__type":"$$EventMessageConfirm","confirm":"7e64e4ba-42cf-42c0-9617-c5f5a50464d6","ts":"2026-08-21T00:01:29.129+01:00","source":{"id":"0","name":"eventBus"}}
{"__type":"$$EventMessageAudit","id":"de26c1a6-9d46-4e69-98e5-8e90f26b41b4","ts":"2026-08-21T00:01:40.138+01:00","eventName":"n8n.audit.workflow.deactivated","message":"n8n.audit.workflow.deactivated","payload":{"userId":"c6ab0ce5-b390-4c09-936f-9c6b55ded8ff","_email":"elkartoutianas@gmail.com","_firstName":"Anas","_lastName":"El Kartouti","globalRole":"global:owner","workflowId":"sqPlb2PxAzDya6CT","workflowName":"My workflow","deactivatedVersionId":"efc10a03-0495-43a9-8b54-ac2c5d98fd36"}}
{"__type":"$$EventMessageConfirm","confirm":"de26c1a6-9d46-4e69-98e5-8e90f26b41b4","ts":"2026-08-21T00:01:40.139+01:00","source":{"id":"0","name":"eventBus"}}
{"__type":"$$EventMessageAudit","id":"87725ed3-8a8a-4f31-a2bc-aa5ebed741c8","ts":"2026-08-21T00:01:40.171+01:00","eventName":"n8n.audit.workflow.activated","message":"n8n.audit.workflow.activated","payload":{"userId":"c6ab0ce5-b390-4c09-936f-9c6b55ded8ff","_email":"elkartoutianas@gmail.com","_firstName":"Anas","_lastName":"El Kartouti","globalRole":"global:owner","workflowId":"sqPlb2PxAzDya6CT","workflowName":"My workflow","activeVersionId":"b7112487-4bec-4b45-8c3e-b8b904fcaf13"}}
{"__type":"$$EventMessageConfirm","confirm":"87725ed3-8a8a-4f31-a2bc-aa5ebed741c8","ts":"2026-08-21T00:01:40.171+01:00","source":{"id":"0","name":"eventBus"}}
{"__type":"$$EventMessageAudit","id":"8cead756-3c50-46a0-9a27-e65acf29a0cd","ts":"2026-08-21T00:01:51.562+01:00","eventName":"n8n.audit.workflow.executed","message":"n8n.audit.workflow.executed","payload":{"workflowId":"sqPlb2PxAzDya6CT","workflowName":"My workflow","executionId":"17","projectId":"g4FSmW9VUlxDCB5l","projectName":"Anas El Kartouti <elkartoutianas@gmail.com>","source":"webhook"}}
{"__type":"$$EventMessageConfirm","confirm":"8cead756-3c50-46a0-9a27-e65acf29a0cd","ts":"2026-08-21T00:01:51.562+01:00","source":{"id":"0","name":"eventBus"}}
{"__type":"$$EventMessageWorkflow","id":"35eff85b-6cbe-41f8-bff4-d383527f1d00","ts":"2026-08-21T00:01:51.562+01:00","eventName":"n8n.workflow.started","message":"n8n.workflow.started","payload":{"executionId":"17","workflowId":"sqPlb2PxAzDya6CT","isManual":false,"mode":"webhook","workflowName":"My workflow","projectId":"g4FSmW9VUlxDCB5l","projectName":"Anas El Kartouti <elkartoutianas@gmail.com>"}}
{"__type":"$$EventMessageConfirm","confirm":"35eff85b-6cbe-41f8-bff4-d383527f1d00","ts":"2026-08-21T00:01:51.563+01:00","source":{"id":"0","name":"eventBus"}}
{"__type":"$$EventMessageNode","id":"479abbd8-5c55-4626-98e8-2401c9d89d0a","ts":"2026-08-21T00:01:51.563+01:00","eventName":"n8n.node.started","message":"n8n.node.started","payload":{"workflowId":"sqPlb2PxAzDya6CT","workflowName":"My workflow","executionId":"17","nodeType":"n8n-nodes-base.webhook","nodeName":"Webhook","nodeId":"99f8ee45-6c9f-439e-bae0-08bea028e5bd"}}
{"__type":"$$EventMessageConfirm","confirm":"479abbd8-5c55-4626-98e8-2401c9d89d0a","ts":"2026-08-21T00:01:51.563+01:00","source":{"id":"0","name":"eventBus"}}
{"__type":"$$EventMessageNode","id":"5eecefe3-3caf-4802-845b-1e231c1ac4f4","ts":"2026-08-21T00:01:51.564+01:00","eventName":"n8n.node.finished","message":"n8n.node.finished","payload":{"workflowId":"sqPlb2PxAzDya6CT","workflowName":"My workflow","executionId":"17","nodeType":"n8n-nodes-base.webhook","nodeName":"Webhook","nodeId":"99f8ee45-6c9f-439e-bae0-08bea028e5bd"}}
{"__type":"$$EventMessageConfirm","confirm":"5eecefe3-3caf-4802-845b-1e231c1ac4f4","ts":"2026-08-21T00:01:51.564+01:00","source":{"id":"0","name":"eventBus"}}
{"__type":"$$EventMessageNode","id":"13c0bda9-ffdb-4c8c-a34c-754373f909c1","ts":"2026-08-21T00:01:51.564+01:00","eventName":"n8n.node.started","message":"n8n.node.started","payload":{"workflowId":"sqPlb2PxAzDya6CT","workflowName":"My workflow","executionId":"17","nodeType":"n8n-nodes-base.httpRequest","nodeName":"Check AbuseIPDB","nodeId":"57f01d8e-4e62-428d-a95e-ef56a887142f"}}
{"__type":"$$EventMessageConfirm","confirm":"13c0bda9-ffdb-4c8c-a34c-754373f909c1","ts":"2026-08-21T00:01:51.564+01:00","source":{"id":"0","name":"eventBus"}}
{"__type":"$$EventMessageNode","id":"b74fb767-fee4-4d50-8497-070c3bbdb3d3","ts":"2026-08-21T00:01:56.379+01:00","eventName":"n8n.node.finished","message":"n8n.node.finished","payload":{"workflowId":"sqPlb2PxAzDya6CT","workflowName":"My workflow","executionId":"17","nodeType":"n8n-nodes-base.httpRequest","nodeName":"Check AbuseIPDB","nodeId":"57f01d8e-4e62-428d-a95e-ef56a887142f"}}
{"__type":"$$EventMessageConfirm","confirm":"b74fb767-fee4-4d50-8497-070c3bbdb3d3","ts":"2026-08-21T00:01:56.379+01:00","source":{"id":"0","name":"eventBus"}}
{"__type":"$$EventMessageNode","id":"2bece079-957f-4f76-b5b0-75102be494b2","ts":"2026-08-21T00:01:56.379+01:00","eventName":"n8n.node.started","message":"n8n.node.started","payload":{"workflowId":"sqPlb2PxAzDya6CT","workflowName":"My workflow","executionId":"17","nodeType":"n8n-nodes-base.httpRequest","nodeName":"Check VirusTotal","nodeId":"58188984-a686-4b11-998b-6bf9e5b907d7"}}
{"__type":"$$EventMessageConfirm","confirm":"2bece079-957f-4f76-b5b0-75102be494b2","ts":"2026-08-21T00:01:56.379+01:00","source":{"id":"0","name":"eventBus"}}
{"__type":"$$EventMessageNode","id":"17db0d02-4c18-437b-bc15-d042e4b5bd20","ts":"2026-08-21T00:01:57.611+01:00","eventName":"n8n.node.finished","message":"n8n.node.finished","payload":{"workflowId":"sqPlb2PxAzDya6CT","workflowName":"My workflow","executionId":"17","nodeType":"n8n-nodes-base.httpRequest","nodeName":"Check VirusTotal","nodeId":"58188984-a686-4b11-998b-6bf9e5b907d7"}}
{"__type":"$$EventMessageConfirm","confirm":"17db0d02-4c18-437b-bc15-d042e4b5bd20","ts":"2026-08-21T00:01:57.612+01:00","source":{"id":"0","name":"eventBus"}}
{"__type":"$$EventMessageNode","id":"a0ecd500-a5c6-4300-830a-de1e41dfad39","ts":"2026-08-21T00:01:57.612+01:00","eventName":"n8n.node.started","message":"n8n.node.started","payload":{"workflowId":"sqPlb2PxAzDya6CT","workflowName":"My workflow","executionId":"17","nodeType":"n8n-nodes-base.merge","nodeName":"Merge","nodeId":"c0ae80f1-0bfe-4acf-98fa-3686933913df"}}
{"__type":"$$EventMessageConfirm","confirm":"a0ecd500-a5c6-4300-830a-de1e41dfad39","ts":"2026-08-21T00:01:57.612+01:00","source":{"id":"0","name":"eventBus"}}
{"__type":"$$EventMessageNode","id":"3cf339b0-da95-4422-a5e8-499ba60ce975","ts":"2026-08-21T00:01:57.618+01:00","eventName":"n8n.node.finished","message":"n8n.node.finished","payload":{"workflowId":"sqPlb2PxAzDya6CT","workflowName":"My workflow","executionId":"17","nodeType":"n8n-nodes-base.merge","nodeName":"Merge","nodeId":"c0ae80f1-0bfe-4acf-98fa-3686933913df"}}
{"__type":"$$EventMessageConfirm","confirm":"3cf339b0-da95-4422-a5e8-499ba60ce975","ts":"2026-08-21T00:01:57.618+01:00","source":{"id":"0","name":"eventBus"}}
{"__type":"$$EventMessageNode","id":"dd901bb3-79a7-4ec2-962f-a250d7f9e58d","ts":"2026-08-21T00:01:57.618+01:00","eventName":"n8n.node.started","message":"n8n.node.started","payload":{"workflowId":"sqPlb2PxAzDya6CT","workflowName":"My workflow","executionId":"17","nodeType":"n8n-nodes-base.if","nodeName":"If","nodeId":"0d46cec1-faac-4508-a535-0815de4725e5"}}
{"__type":"$$EventMessageConfirm","confirm":"dd901bb3-79a7-4ec2-962f-a250d7f9e58d","ts":"2026-08-21T00:01:57.618+01:00","source":{"id":"0","name":"eventBus"}}
{"__type":"$$EventMessageNode","id":"42ed92e1-e887-4485-8edc-023e52fad2f3","ts":"2026-08-21T00:01:57.622+01:00","eventName":"n8n.node.finished","message":"n8n.node.finished","payload":{"workflowId":"sqPlb2PxAzDya6CT","workflowName":"My workflow","executionId":"17","nodeType":"n8n-nodes-base.if","nodeName":"If","nodeId":"0d46cec1-faac-4508-a535-0815de4725e5"}}
{"__type":"$$EventMessageConfirm","confirm":"42ed92e1-e887-4485-8edc-023e52fad2f3","ts":"2026-08-21T00:01:57.622+01:00","source":{"id":"0","name":"eventBus"}}
{"__type":"$$EventMessageNode","id":"7654cf5a-6466-47ab-b648-75abf421701e","ts":"2026-08-21T00:01:57.622+01:00","eventName":"n8n.node.started","message":"n8n.node.started","payload":{"workflowId":"sqPlb2PxAzDya6CT","workflowName":"My workflow","executionId":"17","nodeType":"n8n-nodes-base.discord","nodeName":"Discord","nodeId":"cb778d03-c76c-4cac-8d16-d3c7af27db12"}}
{"__type":"$$EventMessageConfirm","confirm":"7654cf5a-6466-47ab-b648-75abf421701e","ts":"2026-08-21T00:01:57.622+01:00","source":{"id":"0","name":"eventBus"}}
{"__type":"$$EventMessageNode","id":"1dc524fe-4344-4f72-a2f1-b11931486cd2","ts":"2026-08-21T00:02:01.615+01:00","eventName":"n8n.node.finished","message":"n8n.node.finished","payload":{"workflowId":"sqPlb2PxAzDya6CT","workflowName":"My workflow","executionId":"17","nodeType":"n8n-nodes-base.discord","nodeName":"Discord","nodeId":"cb778d03-c76c-4cac-8d16-d3c7af27db12"}}
{"__type":"$$EventMessageConfirm","confirm":"1dc524fe-4344-4f72-a2f1-b11931486cd2","ts":"2026-08-21T00:02:01.615+01:00","source":{"id":"0","name":"eventBus"}}
{"__type":"$$EventMessageWorkflow","id":"0be48410-2b93-4a22-bf52-c6374f21c420","ts":"2026-08-21T00:02:01.616+01:00","eventName":"n8n.workflow.success","message":"n8n.workflow.success","payload":{"executionId":"17","success":true,"isManual":false,"mode":"webhook","workflowId":"sqPlb2PxAzDya6CT","workflowName":"My workflow","projectId":"g4FSmW9VUlxDCB5l","projectName":"Anas El Kartouti <elkartoutianas@gmail.com>"}}
{"__type":"$$EventMessageConfirm","confirm":"0be48410-2b93-4a22-bf52-c6374f21c420","ts":"2026-08-21T00:02:01.616+01:00","source":{"id":"0","name":"eventBus"}}
